timestamp, power.draw [W], utilization.gpu [%]
2026/03/21 02:53:56.745, 192.69 W, 2 %
2026/03/21 02:53:56.847, 177.84 W, 2 %
2026/03/21 02:53:56.947, 164.23 W, 0 %
2026/03/21 02:53:57.047, 148.62 W, 0 %
2026/03/21 02:53:57.147, 132.57 W, 0 %
2026/03/21 02:53:57.247, 117.69 W, 0 %
2026/03/21 02:53:57.347, 102.79 W, 0 %
2026/03/21 02:53:57.448, 87.42 W, 0 %
2026/03/21 02:53:57.548, 86.36 W, 0 %
2026/03/21 02:53:57.648, 86.30 W, 0 %
2026/03/21 02:53:57.748, 86.02 W, 0 %
2026/03/21 02:53:57.848, 85.73 W, 0 %
2026/03/21 02:53:57.948, 85.46 W, 0 %
2026/03/21 02:53:58.048, 85.32 W, 0 %
2026/03/21 02:53:58.149, 85.17 W, 0 %
2026/03/21 02:53:58.249, 84.99 W, 0 %
2026/03/21 02:53:58.349, 84.92 W, 0 %
2026/03/21 02:53:58.449, 85.17 W, 0 %
2026/03/21 02:53:58.549, 85.18 W, 3 %
2026/03/21 02:53:58.649, 85.03 W, 3 %
2026/03/21 02:53:58.749, 84.92 W, 0 %
2026/03/21 02:53:58.850, 84.99 W, 0 %
2026/03/21 02:53:58.950, 84.99 W, 0 %
2026/03/21 02:53:59.050, 84.85 W, 0 %
2026/03/21 02:53:59.150, 84.78 W, 0 %
2026/03/21 02:53:59.250, 84.87 W, 0 %
2026/03/21 02:53:59.350, 84.91 W, 0 %
2026/03/21 02:53:59.451, 84.69 W, 0 %
2026/03/21 02:53:59.551, 98.19 W, 47 %
2026/03/21 02:53:59.651, 113.06 W, 47 %
2026/03/21 02:53:59.751, 129.03 W, 98 %
2026/03/21 02:53:59.851, 145.40 W, 98 %
2026/03/21 02:53:59.951, 161.40 W, 98 %
2026/03/21 02:54:00.051, 176.54 W, 98 %
2026/03/21 02:54:00.152, 192.79 W, 98 %
2026/03/21 02:54:00.252, 212.27 W, 98 %
2026/03/21 02:54:00.352, 227.31 W, 98 %
2026/03/21 02:54:00.452, 240.98 W, 98 %
2026/03/21 02:54:00.552, 246.76 W, 98 %
2026/03/21 02:54:00.652, 247.62 W, 98 %
2026/03/21 02:54:00.753, 246.15 W, 98 %
2026/03/21 02:54:00.853, 243.63 W, 98 %
2026/03/21 02:54:00.953, 243.29 W, 98 %
2026/03/21 02:54:01.053, 244.13 W, 98 %
2026/03/21 02:54:01.153, 243.66 W, 98 %
2026/03/21 02:54:01.253, 243.32 W, 98 %
2026/03/21 02:54:01.353, 240.54 W, 98 %
2026/03/21 02:54:01.454, 236.06 W, 98 %
2026/03/21 02:54:01.554, 235.35 W, 98 %
2026/03/21 02:54:01.654, 234.82 W, 98 %
2026/03/21 02:54:01.754, 237.08 W, 98 %
2026/03/21 02:54:01.854, 238.86 W, 98 %
2026/03/21 02:54:01.954, 237.23 W, 98 %
2026/03/21 02:54:02.054, 237.12 W, 98 %
2026/03/21 02:54:02.155, 236.86 W, 97 %
2026/03/21 02:54:02.255, 235.54 W, 97 %
2026/03/21 02:54:02.355, 238.13 W, 97 %
2026/03/21 02:54:02.455, 243.08 W, 98 %
2026/03/21 02:54:02.555, 243.69 W, 98 %
2026/03/21 02:54:02.655, 244.06 W, 98 %
2026/03/21 02:54:02.755, 242.01 W, 98 %
2026/03/21 02:54:02.856, 241.53 W, 98 %
2026/03/21 02:54:02.956, 243.00 W, 98 %
2026/03/21 02:54:03.056, 244.06 W, 98 %
2026/03/21 02:54:03.156, 244.66 W, 98 %
2026/03/21 02:54:03.256, 245.10 W, 98 %
2026/03/21 02:54:03.356, 241.88 W, 90 %
2026/03/21 02:54:03.457, 241.16 W, 90 %
2026/03/21 02:54:03.557, 241.55 W, 98 %
2026/03/21 02:54:03.657, 241.05 W, 98 %
2026/03/21 02:54:03.757, 240.68 W, 98 %
2026/03/21 02:54:03.857, 241.21 W, 98 %
2026/03/21 02:54:03.957, 241.90 W, 98 %
2026/03/21 02:54:04.057, 242.12 W, 98 %
2026/03/21 02:54:04.158, 241.54 W, 98 %
2026/03/21 02:54:04.258, 243.20 W, 98 %
2026/03/21 02:54:04.358, 247.13 W, 98 %
2026/03/21 02:54:04.458, 247.67 W, 98 %
2026/03/21 02:54:04.558, 246.59 W, 98 %
2026/03/21 02:54:04.658, 247.23 W, 98 %
2026/03/21 02:54:04.758, 248.40 W, 98 %
2026/03/21 02:54:04.859, 249.13 W, 98 %
2026/03/21 02:54:04.959, 248.86 W, 98 %
2026/03/21 02:54:05.059, 247.71 W, 98 %
2026/03/21 02:54:05.159, 246.94 W, 98 %
2026/03/21 02:54:05.259, 241.68 W, 98 %
2026/03/21 02:54:05.359, 243.00 W, 76 %
2026/03/21 02:54:05.460, 242.32 W, 76 %
2026/03/21 02:54:05.560, 243.56 W, 98 %
2026/03/21 02:54:05.660, 243.08 W, 98 %
2026/03/21 02:54:05.760, 241.82 W, 98 %
2026/03/21 02:54:05.860, 240.77 W, 98 %
2026/03/21 02:54:05.960, 241.36 W, 98 %
2026/03/21 02:54:06.060, 240.75 W, 98 %
2026/03/21 02:54:06.161, 240.76 W, 98 %
2026/03/21 02:54:06.261, 243.94 W, 98 %
2026/03/21 02:54:06.361, 242.90 W, 98 %
2026/03/21 02:54:06.461, 241.60 W, 98 %
2026/03/21 02:54:06.561, 240.22 W, 98 %
2026/03/21 02:54:06.661, 239.91 W, 98 %
2026/03/21 02:54:06.761, 240.20 W, 98 %
2026/03/21 02:54:06.862, 241.02 W, 98 %
2026/03/21 02:54:06.962, 240.52 W, 98 %
2026/03/21 02:54:07.062, 241.60 W, 98 %
2026/03/21 02:54:07.162, 238.54 W, 98 %
2026/03/21 02:54:07.262, 239.19 W, 98 %
2026/03/21 02:54:07.362, 238.23 W, 98 %
2026/03/21 02:54:07.463, 237.90 W, 98 %
2026/03/21 02:54:07.563, 237.94 W, 98 %
2026/03/21 02:54:07.663, 237.94 W, 98 %
2026/03/21 02:54:07.763, 237.97 W, 98 %
2026/03/21 02:54:07.863, 238.86 W, 98 %
2026/03/21 02:54:07.963, 237.45 W, 98 %
2026/03/21 02:54:08.063, 236.93 W, 98 %
2026/03/21 02:54:08.164, 241.35 W, 98 %
2026/03/21 02:54:08.264, 241.96 W, 98 %
2026/03/21 02:54:08.364, 242.67 W, 98 %
2026/03/21 02:54:08.464, 244.64 W, 98 %
2026/03/21 02:54:08.564, 244.80 W, 98 %
2026/03/21 02:54:08.664, 245.85 W, 98 %
2026/03/21 02:54:08.764, 246.52 W, 98 %
2026/03/21 02:54:08.865, 246.04 W, 98 %
2026/03/21 02:54:08.965, 247.53 W, 98 %
2026/03/21 02:54:09.065, 246.91 W, 98 %
2026/03/21 02:54:09.165, 242.51 W, 75 %
2026/03/21 02:54:09.265, 242.54 W, 75 %
2026/03/21 02:54:09.365, 242.25 W, 98 %
2026/03/21 02:54:09.466, 241.22 W, 98 %
2026/03/21 02:54:09.566, 239.99 W, 98 %
2026/03/21 02:54:09.666, 239.18 W, 98 %
2026/03/21 02:54:09.766, 239.14 W, 98 %
2026/03/21 02:54:09.866, 237.56 W, 98 %
2026/03/21 02:54:09.966, 237.24 W, 98 %
2026/03/21 02:54:10.066, 237.15 W, 98 %
2026/03/21 02:54:10.167, 241.20 W, 98 %
2026/03/21 02:54:10.267, 240.50 W, 98 %
2026/03/21 02:54:10.367, 240.46 W, 98 %
2026/03/21 02:54:10.467, 240.11 W, 98 %
2026/03/21 02:54:10.567, 241.81 W, 98 %
2026/03/21 02:54:10.667, 241.68 W, 98 %
2026/03/21 02:54:10.767, 241.66 W, 98 %
2026/03/21 02:54:10.868, 243.55 W, 98 %
2026/03/21 02:54:10.968, 242.75 W, 98 %
2026/03/21 02:54:11.068, 238.28 W, 98 %
2026/03/21 02:54:11.168, 237.82 W, 73 %
2026/03/21 02:54:11.268, 239.41 W, 73 %
2026/03/21 02:54:11.368, 239.33 W, 98 %
2026/03/21 02:54:11.469, 240.38 W, 98 %
2026/03/21 02:54:11.569, 239.49 W, 98 %
2026/03/21 02:54:11.669, 238.71 W, 98 %
2026/03/21 02:54:11.769, 239.04 W, 98 %
2026/03/21 02:54:11.869, 239.11 W, 98 %
2026/03/21 02:54:11.969, 239.40 W, 98 %
2026/03/21 02:54:12.069, 244.37 W, 98 %
2026/03/21 02:54:12.170, 245.68 W, 98 %
2026/03/21 02:54:12.270, 244.97 W, 98 %
2026/03/21 02:54:12.370, 243.38 W, 98 %
2026/03/21 02:54:12.470, 242.93 W, 98 %
2026/03/21 02:54:12.570, 243.62 W, 98 %
2026/03/21 02:54:12.670, 243.69 W, 98 %
2026/03/21 02:54:12.770, 243.08 W, 98 %
2026/03/21 02:54:12.871, 242.73 W, 98 %
2026/03/21 02:54:12.971, 238.56 W, 98 %
2026/03/21 02:54:13.071, 238.12 W, 98 %
2026/03/21 02:54:13.171, 236.88 W, 98 %
2026/03/21 02:54:13.271, 236.87 W, 98 %
2026/03/21 02:54:13.371, 237.77 W, 98 %
2026/03/21 02:54:13.472, 238.51 W, 98 %
2026/03/21 02:54:13.572, 237.43 W, 98 %
2026/03/21 02:54:13.672, 237.97 W, 98 %
2026/03/21 02:54:13.772, 239.48 W, 98 %
2026/03/21 02:54:13.872, 238.92 W, 98 %
2026/03/21 02:54:13.972, 244.24 W, 98 %
2026/03/21 02:54:14.072, 243.90 W, 98 %
2026/03/21 02:54:14.173, 243.85 W, 98 %
2026/03/21 02:54:14.273, 242.70 W, 98 %
2026/03/21 02:54:14.373, 241.86 W, 98 %
2026/03/21 02:54:14.473, 241.72 W, 98 %
2026/03/21 02:54:14.573, 241.93 W, 98 %
2026/03/21 02:54:14.673, 241.49 W, 98 %
2026/03/21 02:54:14.773, 242.62 W, 98 %
2026/03/21 02:54:14.874, 242.30 W, 98 %
2026/03/21 02:54:14.974, 237.41 W, 74 %
2026/03/21 02:54:15.074, 237.46 W, 74 %
2026/03/21 02:54:15.174, 237.70 W, 98 %
2026/03/21 02:54:15.274, 238.38 W, 98 %
2026/03/21 02:54:15.374, 238.85 W, 98 %
2026/03/21 02:54:15.474, 238.53 W, 98 %
2026/03/21 02:54:15.575, 239.20 W, 98 %
2026/03/21 02:54:15.675, 239.99 W, 98 %
2026/03/21 02:54:15.775, 238.66 W, 98 %
2026/03/21 02:54:15.875, 238.76 W, 98 %
2026/03/21 02:54:15.975, 242.02 W, 98 %
2026/03/21 02:54:16.075, 241.92 W, 98 %
2026/03/21 02:54:16.176, 242.09 W, 98 %
2026/03/21 02:54:16.276, 242.51 W, 98 %
2026/03/21 02:54:16.376, 242.71 W, 98 %
2026/03/21 02:54:16.476, 243.18 W, 98 %
2026/03/21 02:54:16.576, 241.65 W, 98 %
2026/03/21 02:54:16.676, 240.21 W, 98 %
2026/03/21 02:54:16.776, 238.67 W, 98 %
2026/03/21 02:54:16.877, 233.96 W, 98 %
2026/03/21 02:54:16.977, 235.01 W, 76 %
2026/03/21 02:54:17.077, 235.39 W, 76 %
2026/03/21 02:54:17.177, 235.12 W, 98 %
2026/03/21 02:54:17.277, 234.62 W, 98 %
2026/03/21 02:54:17.377, 234.28 W, 98 %
2026/03/21 02:54:17.477, 234.40 W, 98 %
2026/03/21 02:54:17.578, 235.05 W, 98 %
2026/03/21 02:54:17.678, 237.82 W, 98 %
2026/03/21 02:54:17.778, 240.00 W, 98 %
2026/03/21 02:54:17.878, 243.65 W, 98 %
2026/03/21 02:54:17.978, 244.42 W, 98 %
2026/03/21 02:54:18.078, 243.79 W, 98 %
2026/03/21 02:54:18.179, 244.68 W, 98 %
2026/03/21 02:54:18.279, 245.18 W, 98 %
2026/03/21 02:54:18.379, 244.48 W, 98 %
2026/03/21 02:54:18.479, 243.54 W, 98 %
2026/03/21 02:54:18.579, 243.33 W, 98 %
2026/03/21 02:54:18.679, 241.83 W, 98 %
2026/03/21 02:54:18.779, 237.31 W, 98 %
2026/03/21 02:54:18.880, 236.96 W, 98 %
2026/03/21 02:54:18.980, 236.84 W, 98 %
2026/03/21 02:54:19.080, 236.70 W, 98 %
2026/03/21 02:54:19.180, 237.60 W, 98 %
2026/03/21 02:54:19.280, 238.89 W, 98 %
2026/03/21 02:54:19.380, 240.22 W, 98 %
2026/03/21 02:54:19.481, 241.55 W, 98 %
2026/03/21 02:54:19.581, 241.74 W, 98 %
2026/03/21 02:54:19.681, 241.72 W, 98 %
2026/03/21 02:54:19.781, 246.80 W, 98 %
2026/03/21 02:54:19.881, 247.18 W, 98 %
2026/03/21 02:54:19.981, 246.62 W, 98 %
2026/03/21 02:54:20.081, 246.09 W, 98 %
2026/03/21 02:54:20.182, 245.34 W, 98 %
2026/03/21 02:54:20.282, 244.09 W, 98 %
2026/03/21 02:54:20.382, 244.45 W, 98 %
2026/03/21 02:54:20.482, 243.99 W, 98 %
2026/03/21 02:54:20.582, 244.43 W, 98 %
2026/03/21 02:54:20.682, 244.10 W, 98 %
2026/03/21 02:54:20.782, 238.57 W, 89 %
2026/03/21 02:54:20.883, 237.94 W, 89 %
2026/03/21 02:54:20.983, 238.22 W, 98 %
2026/03/21 02:54:21.083, 239.41 W, 98 %
2026/03/21 02:54:21.183, 240.05 W, 98 %
2026/03/21 02:54:21.283, 239.93 W, 98 %
2026/03/21 02:54:21.383, 240.13 W, 98 %
2026/03/21 02:54:21.484, 239.16 W, 98 %
2026/03/21 02:54:21.584, 239.51 W, 98 %
2026/03/21 02:54:21.684, 240.20 W, 98 %
2026/03/21 02:54:21.784, 243.63 W, 98 %
2026/03/21 02:54:21.884, 244.33 W, 98 %
2026/03/21 02:54:21.984, 244.27 W, 98 %
2026/03/21 02:54:22.084, 242.67 W, 98 %
2026/03/21 02:54:22.185, 241.83 W, 98 %
2026/03/21 02:54:22.285, 241.83 W, 98 %
2026/03/21 02:54:22.385, 241.74 W, 98 %
2026/03/21 02:54:22.485, 242.89 W, 98 %
2026/03/21 02:54:22.585, 243.04 W, 98 %
2026/03/21 02:54:22.685, 239.88 W, 98 %
2026/03/21 02:54:22.785, 240.54 W, 73 %
2026/03/21 02:54:22.886, 240.21 W, 73 %
2026/03/21 02:54:22.986, 240.44 W, 98 %
2026/03/21 02:54:23.086, 241.09 W, 98 %
2026/03/21 02:54:23.186, 241.05 W, 98 %
2026/03/21 02:54:23.286, 241.12 W, 98 %
2026/03/21 02:54:23.386, 240.60 W, 98 %
2026/03/21 02:54:23.486, 240.51 W, 98 %
2026/03/21 02:54:23.587, 240.07 W, 98 %
2026/03/21 02:54:23.687, 244.40 W, 98 %
2026/03/21 02:54:23.787, 244.79 W, 98 %
2026/03/21 02:54:23.887, 244.82 W, 98 %
2026/03/21 02:54:23.987, 243.91 W, 98 %
2026/03/21 02:54:24.087, 243.86 W, 98 %
2026/03/21 02:54:24.187, 245.09 W, 98 %
2026/03/21 02:54:24.288, 244.80 W, 98 %
2026/03/21 02:54:24.388, 246.46 W, 98 %
2026/03/21 02:54:24.488, 245.43 W, 98 %
2026/03/21 02:54:24.588, 242.90 W, 98 %
2026/03/21 02:54:24.688, 239.73 W, 98 %
2026/03/21 02:54:24.788, 240.07 W, 98 %
2026/03/21 02:54:24.889, 240.52 W, 98 %
2026/03/21 02:54:24.989, 241.19 W, 98 %
2026/03/21 02:54:25.089, 241.16 W, 98 %
2026/03/21 02:54:25.189, 241.05 W, 98 %
2026/03/21 02:54:25.289, 240.67 W, 98 %
2026/03/21 02:54:25.389, 238.65 W, 98 %
2026/03/21 02:54:25.489, 237.82 W, 98 %
2026/03/21 02:54:25.590, 239.26 W, 98 %
2026/03/21 02:54:25.690, 240.90 W, 98 %
2026/03/21 02:54:25.790, 240.73 W, 98 %
2026/03/21 02:54:25.890, 241.93 W, 98 %
2026/03/21 02:54:25.990, 242.84 W, 98 %
2026/03/21 02:54:26.090, 243.29 W, 98 %
2026/03/21 02:54:26.190, 243.25 W, 98 %
2026/03/21 02:54:26.291, 242.43 W, 98 %
2026/03/21 02:54:26.391, 243.50 W, 98 %
2026/03/21 02:54:26.491, 244.06 W, 98 %
2026/03/21 02:54:26.591, 240.93 W, 75 %
2026/03/21 02:54:26.691, 240.99 W, 75 %
2026/03/21 02:54:26.791, 242.74 W, 98 %
2026/03/21 02:54:26.892, 241.82 W, 98 %
2026/03/21 02:54:26.992, 242.24 W, 98 %
2026/03/21 02:54:27.092, 240.92 W, 98 %
2026/03/21 02:54:27.192, 239.74 W, 98 %
2026/03/21 02:54:27.292, 240.15 W, 98 %
2026/03/21 02:54:27.392, 239.94 W, 98 %
2026/03/21 02:54:27.492, 240.34 W, 98 %
2026/03/21 02:54:27.593, 244.68 W, 98 %
2026/03/21 02:54:27.693, 244.49 W, 98 %
2026/03/21 02:54:27.793, 243.94 W, 98 %
2026/03/21 02:54:27.893, 244.03 W, 98 %
2026/03/21 02:54:27.993, 242.87 W, 98 %
2026/03/21 02:54:28.093, 243.99 W, 98 %
2026/03/21 02:54:28.194, 245.58 W, 98 %
2026/03/21 02:54:28.294, 246.02 W, 98 %
2026/03/21 02:54:28.394, 245.99 W, 98 %
2026/03/21 02:54:28.494, 242.26 W, 98 %
2026/03/21 02:54:28.594, 240.95 W, 98 %
2026/03/21 02:54:28.694, 240.55 W, 98 %
2026/03/21 02:54:28.794, 239.65 W, 98 %
2026/03/21 02:54:28.895, 239.12 W, 98 %
2026/03/21 02:54:28.995, 238.95 W, 98 %
2026/03/21 02:54:29.095, 237.97 W, 98 %
2026/03/21 02:54:29.195, 237.15 W, 98 %
2026/03/21 02:54:29.295, 236.95 W, 98 %
2026/03/21 02:54:29.395, 236.07 W, 98 %
2026/03/21 02:54:29.495, 239.67 W, 98 %
2026/03/21 02:54:29.596, 240.24 W, 98 %
2026/03/21 02:54:29.696, 241.46 W, 98 %
2026/03/21 02:54:29.796, 241.46 W, 98 %
2026/03/21 02:54:29.896, 240.44 W, 98 %
2026/03/21 02:54:29.996, 241.02 W, 98 %
2026/03/21 02:54:30.096, 240.87 W, 98 %
2026/03/21 02:54:30.196, 241.12 W, 98 %
2026/03/21 02:54:30.297, 241.36 W, 98 %
2026/03/21 02:54:30.397, 240.96 W, 85 %
2026/03/21 02:54:30.497, 238.61 W, 85 %
2026/03/21 02:54:30.597, 239.27 W, 98 %
2026/03/21 02:54:30.697, 239.59 W, 98 %
2026/03/21 02:54:30.797, 239.83 W, 98 %
2026/03/21 02:54:30.898, 239.67 W, 98 %
2026/03/21 02:54:30.998, 239.42 W, 98 %
2026/03/21 02:54:31.098, 239.38 W, 98 %
2026/03/21 02:54:31.198, 239.15 W, 98 %
2026/03/21 02:54:31.298, 238.39 W, 98 %
2026/03/21 02:54:31.398, 239.07 W, 98 %
2026/03/21 02:54:31.498, 241.90 W, 98 %
2026/03/21 02:54:31.599, 241.62 W, 98 %
2026/03/21 02:54:31.699, 241.45 W, 98 %
2026/03/21 02:54:31.799, 241.51 W, 98 %
2026/03/21 02:54:31.899, 241.47 W, 98 %
2026/03/21 02:54:31.999, 242.19 W, 98 %
2026/03/21 02:54:32.099, 242.57 W, 98 %
2026/03/21 02:54:32.199, 244.05 W, 98 %
2026/03/21 02:54:32.300, 244.95 W, 98 %
2026/03/21 02:54:32.400, 240.35 W, 75 %
2026/03/21 02:54:32.500, 240.70 W, 75 %
2026/03/21 02:54:32.600, 239.44 W, 98 %
2026/03/21 02:54:32.700, 238.33 W, 98 %
2026/03/21 02:54:32.800, 238.30 W, 98 %
2026/03/21 02:54:32.900, 238.58 W, 98 %
2026/03/21 02:54:33.001, 237.53 W, 98 %
2026/03/21 02:54:33.101, 238.20 W, 98 %
2026/03/21 02:54:33.201, 237.48 W, 98 %
2026/03/21 02:54:33.301, 236.96 W, 98 %
2026/03/21 02:54:33.401, 241.65 W, 98 %
2026/03/21 02:54:33.501, 241.50 W, 98 %
2026/03/21 02:54:33.602, 241.79 W, 98 %
2026/03/21 02:54:33.702, 242.69 W, 98 %
2026/03/21 02:54:33.802, 243.30 W, 98 %
2026/03/21 02:54:33.902, 243.25 W, 98 %
2026/03/21 02:54:34.002, 242.86 W, 98 %
2026/03/21 02:54:34.102, 242.89 W, 98 %
2026/03/21 02:54:34.202, 242.43 W, 98 %
2026/03/21 02:54:34.303, 239.54 W, 98 %
2026/03/21 02:54:34.403, 239.56 W, 98 %
2026/03/21 02:54:34.503, 239.96 W, 98 %
2026/03/21 02:54:34.603, 240.52 W, 98 %
2026/03/21 02:54:34.703, 240.09 W, 98 %
2026/03/21 02:54:34.803, 240.15 W, 98 %
2026/03/21 02:54:34.903, 240.50 W, 98 %
2026/03/21 02:54:35.004, 241.64 W, 98 %
2026/03/21 02:54:35.104, 241.85 W, 98 %
2026/03/21 02:54:35.204, 242.53 W, 98 %
2026/03/21 02:54:35.304, 246.55 W, 98 %
2026/03/21 02:54:35.404, 245.20 W, 98 %
2026/03/21 02:54:35.504, 246.16 W, 98 %
2026/03/21 02:54:35.604, 245.96 W, 98 %
2026/03/21 02:54:35.705, 246.65 W, 98 %
2026/03/21 02:54:35.805, 246.64 W, 98 %
2026/03/21 02:54:35.905, 245.20 W, 98 %
2026/03/21 02:54:36.005, 244.99 W, 98 %
2026/03/21 02:54:36.105, 245.07 W, 98 %
2026/03/21 02:54:36.205, 245.52 W, 98 %
2026/03/21 02:54:36.305, 241.21 W, 98 %
2026/03/21 02:54:36.406, 241.22 W, 98 %
2026/03/21 02:54:36.506, 240.62 W, 98 %
2026/03/21 02:54:36.606, 240.86 W, 98 %
2026/03/21 02:54:36.706, 240.08 W, 98 %
2026/03/21 02:54:36.806, 239.98 W, 98 %
2026/03/21 02:54:36.906, 241.24 W, 98 %
2026/03/21 02:54:37.007, 240.46 W, 98 %
2026/03/21 02:54:37.107, 239.03 W, 98 %
2026/03/21 02:54:37.207, 238.73 W, 98 %
2026/03/21 02:54:37.307, 242.59 W, 98 %
2026/03/21 02:54:37.407, 241.82 W, 98 %
2026/03/21 02:54:37.507, 241.44 W, 98 %
2026/03/21 02:54:37.607, 240.88 W, 98 %
2026/03/21 02:54:37.708, 242.65 W, 98 %
2026/03/21 02:54:37.808, 242.80 W, 98 %
2026/03/21 02:54:37.908, 243.35 W, 98 %
2026/03/21 02:54:38.008, 243.42 W, 98 %
2026/03/21 02:54:38.108, 245.09 W, 98 %
2026/03/21 02:54:38.208, 235.87 W, 51 %
2026/03/21 02:54:38.308, 230.46 W, 51 %
2026/03/21 02:54:38.409, 230.60 W, 98 %
2026/03/21 02:54:38.509, 230.48 W, 98 %
2026/03/21 02:54:38.609, 230.67 W, 98 %
2026/03/21 02:54:38.709, 229.70 W, 98 %
2026/03/21 02:54:38.809, 231.15 W, 98 %
2026/03/21 02:54:38.909, 231.17 W, 98 %
2026/03/21 02:54:39.010, 231.31 W, 98 %
2026/03/21 02:54:39.110, 230.47 W, 98 %
2026/03/21 02:54:39.210, 236.38 W, 98 %
2026/03/21 02:54:39.310, 245.36 W, 98 %
2026/03/21 02:54:39.410, 246.87 W, 98 %
2026/03/21 02:54:39.510, 246.49 W, 98 %
2026/03/21 02:54:39.610, 246.05 W, 98 %
2026/03/21 02:54:39.711, 246.13 W, 98 %
2026/03/21 02:54:39.811, 244.60 W, 98 %
2026/03/21 02:54:39.911, 244.55 W, 98 %
2026/03/21 02:54:40.011, 244.51 W, 98 %
2026/03/21 02:54:40.111, 245.14 W, 98 %
2026/03/21 02:54:40.211, 241.35 W, 76 %
2026/03/21 02:54:40.311, 241.11 W, 76 %
2026/03/21 02:54:40.412, 239.05 W, 98 %
2026/03/21 02:54:40.512, 239.30 W, 98 %
2026/03/21 02:54:40.612, 239.43 W, 98 %
2026/03/21 02:54:40.712, 238.44 W, 98 %
2026/03/21 02:54:40.812, 238.21 W, 98 %
2026/03/21 02:54:40.912, 238.00 W, 98 %
2026/03/21 02:54:41.012, 238.00 W, 98 %
2026/03/21 02:54:41.113, 237.73 W, 98 %
2026/03/21 02:54:41.213, 241.71 W, 98 %
2026/03/21 02:54:41.313, 241.99 W, 98 %
2026/03/21 02:54:41.413, 242.60 W, 98 %
2026/03/21 02:54:41.513, 242.16 W, 98 %
2026/03/21 02:54:41.613, 242.14 W, 98 %
2026/03/21 02:54:41.714, 242.24 W, 98 %
2026/03/21 02:54:41.814, 242.16 W, 98 %
2026/03/21 02:54:41.914, 242.58 W, 98 %
2026/03/21 02:54:42.014, 241.46 W, 98 %
2026/03/21 02:54:42.114, 241.05 W, 98 %
2026/03/21 02:54:42.214, 237.94 W, 75 %
2026/03/21 02:54:42.314, 238.06 W, 75 %
2026/03/21 02:54:42.415, 238.48 W, 98 %
2026/03/21 02:54:42.515, 239.07 W, 98 %
2026/03/21 02:54:42.615, 239.07 W, 98 %
2026/03/21 02:54:42.715, 239.46 W, 98 %
2026/03/21 02:54:42.815, 240.08 W, 98 %
2026/03/21 02:54:42.915, 240.55 W, 98 %
2026/03/21 02:54:43.015, 241.95 W, 98 %
2026/03/21 02:54:43.116, 242.68 W, 98 %
2026/03/21 02:54:43.216, 245.18 W, 98 %
2026/03/21 02:54:43.316, 244.59 W, 98 %
2026/03/21 02:54:43.416, 244.67 W, 98 %
2026/03/21 02:54:43.516, 245.04 W, 98 %
2026/03/21 02:54:43.616, 244.74 W, 98 %
2026/03/21 02:54:43.716, 244.45 W, 98 %
2026/03/21 02:54:43.817, 243.65 W, 98 %
2026/03/21 02:54:43.917, 243.19 W, 98 %
2026/03/21 02:54:44.017, 242.45 W, 98 %
2026/03/21 02:54:44.117, 237.17 W, 98 %
2026/03/21 02:54:44.217, 237.73 W, 98 %
2026/03/21 02:54:44.317, 237.77 W, 98 %
2026/03/21 02:54:44.417, 236.84 W, 98 %
2026/03/21 02:54:44.518, 237.49 W, 98 %
2026/03/21 02:54:44.618, 237.58 W, 98 %
2026/03/21 02:54:44.718, 238.37 W, 98 %
2026/03/21 02:54:44.818, 238.65 W, 98 %
2026/03/21 02:54:44.918, 238.97 W, 98 %
2026/03/21 02:54:45.018, 239.17 W, 98 %
2026/03/21 02:54:45.119, 243.03 W, 98 %
2026/03/21 02:54:45.219, 242.96 W, 98 %
2026/03/21 02:54:45.319, 241.76 W, 98 %
2026/03/21 02:54:45.419, 241.72 W, 98 %
2026/03/21 02:54:45.519, 241.22 W, 98 %
2026/03/21 02:54:45.619, 241.10 W, 98 %
2026/03/21 02:54:45.719, 241.08 W, 98 %
2026/03/21 02:54:45.820, 240.85 W, 98 %
2026/03/21 02:54:45.920, 240.15 W, 98 %
2026/03/21 02:54:46.020, 237.27 W, 84 %
2026/03/21 02:54:46.120, 236.94 W, 84 %
2026/03/21 02:54:46.220, 237.44 W, 98 %
2026/03/21 02:54:46.320, 239.00 W, 98 %
2026/03/21 02:54:46.420, 238.47 W, 98 %
2026/03/21 02:54:46.521, 238.69 W, 98 %
2026/03/21 02:54:46.621, 239.42 W, 98 %
2026/03/21 02:54:46.721, 239.29 W, 98 %
2026/03/21 02:54:46.821, 238.56 W, 98 %
2026/03/21 02:54:46.921, 237.88 W, 98 %
2026/03/21 02:54:47.021, 240.10 W, 98 %
2026/03/21 02:54:47.122, 241.06 W, 98 %
2026/03/21 02:54:47.222, 240.53 W, 98 %
2026/03/21 02:54:47.322, 240.66 W, 98 %
2026/03/21 02:54:47.422, 240.93 W, 98 %
2026/03/21 02:54:47.522, 239.85 W, 98 %
2026/03/21 02:54:47.622, 240.26 W, 98 %
2026/03/21 02:54:47.722, 239.74 W, 98 %
2026/03/21 02:54:47.823, 240.54 W, 98 %
2026/03/21 02:54:47.929, 242.49 W, 98 %
2026/03/21 02:54:48.030, 239.79 W, 75 %
2026/03/21 02:54:48.130, 240.56 W, 75 %
2026/03/21 02:54:48.230, 240.66 W, 98 %
2026/03/21 02:54:48.330, 240.56 W, 98 %
2026/03/21 02:54:48.430, 240.50 W, 98 %
2026/03/21 02:54:48.530, 240.93 W, 98 %
2026/03/21 02:54:48.630, 240.96 W, 98 %
2026/03/21 02:54:48.731, 242.78 W, 98 %
2026/03/21 02:54:48.831, 241.58 W, 98 %
2026/03/21 02:54:48.931, 240.13 W, 98 %
2026/03/21 02:54:49.031, 244.72 W, 98 %
2026/03/21 02:54:49.131, 242.34 W, 98 %
2026/03/21 02:54:49.231, 242.87 W, 98 %
2026/03/21 02:54:49.331, 242.28 W, 98 %
2026/03/21 02:54:49.432, 242.78 W, 98 %
2026/03/21 02:54:49.532, 244.61 W, 98 %
2026/03/21 02:54:49.632, 245.31 W, 98 %
2026/03/21 02:54:49.732, 244.83 W, 98 %
2026/03/21 02:54:49.832, 246.70 W, 98 %
2026/03/21 02:54:49.932, 242.91 W, 98 %
2026/03/21 02:54:50.033, 241.09 W, 98 %
2026/03/21 02:54:50.133, 242.59 W, 98 %
2026/03/21 02:54:50.233, 241.55 W, 98 %
2026/03/21 02:54:50.333, 242.44 W, 98 %
2026/03/21 02:54:50.433, 242.70 W, 98 %
2026/03/21 02:54:50.533, 241.09 W, 98 %
2026/03/21 02:54:50.633, 239.71 W, 98 %
2026/03/21 02:54:50.734, 239.14 W, 98 %
2026/03/21 02:54:50.834, 238.51 W, 98 %
2026/03/21 02:54:50.934, 242.60 W, 98 %
2026/03/21 02:54:51.034, 243.61 W, 98 %
2026/03/21 02:54:51.134, 242.42 W, 98 %
2026/03/21 02:54:51.234, 242.30 W, 98 %
2026/03/21 02:54:51.334, 242.90 W, 98 %
2026/03/21 02:54:51.435, 242.05 W, 98 %
2026/03/21 02:54:51.535, 241.86 W, 98 %
2026/03/21 02:54:51.635, 242.67 W, 98 %
2026/03/21 02:54:51.735, 243.38 W, 98 %
2026/03/21 02:54:51.835, 241.80 W, 98 %
2026/03/21 02:54:51.935, 240.61 W, 98 %
2026/03/21 02:54:52.036, 240.09 W, 98 %
2026/03/21 02:54:52.136, 240.59 W, 98 %
2026/03/21 02:54:52.236, 241.06 W, 98 %
2026/03/21 02:54:52.336, 240.34 W, 98 %
2026/03/21 02:54:52.436, 240.51 W, 98 %
2026/03/21 02:54:52.536, 241.28 W, 98 %
2026/03/21 02:54:52.636, 242.58 W, 98 %
2026/03/21 02:54:52.737, 241.48 W, 98 %
2026/03/21 02:54:52.837, 241.29 W, 98 %
2026/03/21 02:54:52.937, 245.20 W, 98 %
2026/03/21 02:54:53.037, 245.36 W, 98 %
2026/03/21 02:54:53.137, 244.30 W, 98 %
2026/03/21 02:54:53.237, 244.50 W, 98 %
2026/03/21 02:54:53.337, 244.77 W, 98 %
2026/03/21 02:54:53.438, 245.05 W, 98 %
2026/03/21 02:54:53.538, 244.32 W, 98 %
2026/03/21 02:54:53.638, 242.54 W, 98 %
2026/03/21 02:54:53.738, 242.48 W, 98 %
2026/03/21 02:54:53.838, 238.36 W, 76 %
2026/03/21 02:54:53.938, 237.24 W, 76 %
2026/03/21 02:54:54.038, 237.48 W, 98 %
2026/03/21 02:54:54.139, 237.69 W, 98 %
2026/03/21 02:54:54.239, 238.73 W, 98 %
2026/03/21 02:54:54.339, 238.78 W, 98 %
2026/03/21 02:54:54.439, 238.38 W, 98 %
2026/03/21 02:54:54.539, 238.98 W, 98 %
2026/03/21 02:54:54.639, 238.55 W, 98 %
2026/03/21 02:54:54.739, 239.19 W, 98 %
2026/03/21 02:54:54.840, 242.52 W, 98 %
2026/03/21 02:54:54.940, 242.48 W, 98 %
2026/03/21 02:54:55.040, 242.32 W, 98 %
2026/03/21 02:54:55.140, 243.33 W, 98 %
2026/03/21 02:54:55.240, 242.88 W, 98 %
2026/03/21 02:54:55.340, 242.25 W, 98 %
2026/03/21 02:54:55.441, 243.16 W, 98 %
2026/03/21 02:54:55.541, 242.96 W, 98 %
2026/03/21 02:54:55.641, 242.94 W, 98 %
2026/03/21 02:54:55.741, 239.27 W, 98 %
2026/03/21 02:54:55.841, 239.70 W, 91 %
2026/03/21 02:54:55.941, 240.49 W, 91 %
2026/03/21 02:54:56.041, 241.34 W, 98 %
2026/03/21 02:54:56.142, 241.32 W, 98 %
2026/03/21 02:54:56.242, 241.50 W, 98 %
2026/03/21 02:54:56.342, 240.67 W, 98 %
2026/03/21 02:54:56.442, 240.25 W, 98 %
2026/03/21 02:54:56.542, 240.22 W, 98 %
2026/03/21 02:54:56.642, 241.19 W, 98 %
2026/03/21 02:54:56.742, 243.65 W, 98 %
2026/03/21 02:54:56.843, 243.02 W, 98 %
2026/03/21 02:54:56.943, 241.77 W, 98 %
2026/03/21 02:54:57.043, 240.60 W, 98 %
2026/03/21 02:54:57.143, 240.20 W, 98 %
2026/03/21 02:54:57.243, 240.06 W, 98 %
2026/03/21 02:54:57.343, 240.56 W, 98 %
2026/03/21 02:54:57.444, 241.20 W, 98 %
2026/03/21 02:54:57.544, 240.32 W, 98 %
2026/03/21 02:54:57.644, 239.07 W, 98 %
2026/03/21 02:54:57.744, 236.19 W, 98 %
2026/03/21 02:54:57.844, 236.33 W, 98 %
2026/03/21 02:54:57.944, 237.01 W, 98 %
2026/03/21 02:54:58.044, 237.91 W, 98 %
2026/03/21 02:54:58.145, 237.31 W, 98 %
2026/03/21 02:54:58.245, 238.67 W, 98 %
2026/03/21 02:54:58.345, 237.50 W, 98 %
2026/03/21 02:54:58.445, 237.28 W, 98 %
2026/03/21 02:54:58.545, 237.42 W, 98 %
2026/03/21 02:54:58.645, 238.87 W, 98 %
2026/03/21 02:54:58.746, 243.28 W, 98 %
2026/03/21 02:54:58.846, 242.26 W, 98 %
2026/03/21 02:54:58.946, 242.66 W, 98 %
2026/03/21 02:54:59.046, 242.51 W, 98 %
2026/03/21 02:54:59.146, 242.99 W, 98 %
2026/03/21 02:54:59.246, 242.11 W, 98 %
2026/03/21 02:54:59.346, 243.62 W, 98 %
2026/03/21 02:54:59.447, 243.99 W, 98 %
2026/03/21 02:54:59.547, 243.40 W, 98 %
2026/03/21 02:54:59.647, 237.90 W, 73 %
2026/03/21 02:54:59.747, 237.66 W, 73 %
2026/03/21 02:54:59.847, 238.76 W, 98 %
2026/03/21 02:54:59.947, 238.89 W, 98 %
2026/03/21 02:55:00.047, 239.15 W, 98 %
2026/03/21 02:55:00.148, 239.15 W, 98 %
2026/03/21 02:55:00.248, 239.50 W, 98 %
2026/03/21 02:55:00.348, 238.83 W, 98 %
2026/03/21 02:55:00.448, 238.51 W, 98 %
2026/03/21 02:55:00.548, 240.46 W, 98 %
2026/03/21 02:55:00.648, 245.71 W, 98 %
2026/03/21 02:55:00.749, 246.63 W, 98 %
2026/03/21 02:55:00.849, 245.79 W, 98 %
2026/03/21 02:55:00.949, 246.02 W, 98 %
2026/03/21 02:55:01.049, 245.67 W, 98 %
2026/03/21 02:55:01.149, 245.34 W, 98 %
2026/03/21 02:55:01.249, 243.97 W, 98 %
2026/03/21 02:55:01.349, 243.19 W, 98 %
2026/03/21 02:55:01.450, 244.29 W, 98 %
2026/03/21 02:55:01.550, 240.70 W, 98 %
2026/03/21 02:55:01.650, 236.64 W, 72 %
2026/03/21 02:55:01.750, 235.94 W, 72 %
2026/03/21 02:55:01.850, 237.16 W, 98 %
2026/03/21 02:55:01.950, 236.81 W, 98 %
2026/03/21 02:55:02.050, 237.44 W, 98 %
2026/03/21 02:55:02.151, 237.21 W, 98 %
2026/03/21 02:55:02.251, 238.80 W, 98 %
2026/03/21 02:55:02.351, 238.97 W, 98 %
2026/03/21 02:55:02.451, 238.50 W, 98 %
2026/03/21 02:55:02.551, 241.07 W, 98 %
2026/03/21 02:55:02.651, 243.29 W, 98 %
2026/03/21 02:55:02.752, 243.93 W, 98 %
2026/03/21 02:55:02.852, 242.31 W, 98 %
2026/03/21 02:55:02.952, 242.69 W, 98 %
2026/03/21 02:55:03.052, 242.37 W, 98 %
2026/03/21 02:55:03.152, 243.15 W, 98 %
2026/03/21 02:55:03.252, 242.30 W, 98 %
2026/03/21 02:55:03.352, 242.27 W, 98 %
2026/03/21 02:55:03.453, 242.43 W, 98 %
2026/03/21 02:55:03.553, 238.89 W, 98 %
2026/03/21 02:55:03.653, 239.28 W, 98 %
2026/03/21 02:55:03.753, 238.31 W, 98 %
2026/03/21 02:55:03.853, 240.10 W, 98 %
2026/03/21 02:55:03.953, 239.35 W, 98 %
2026/03/21 02:55:04.053, 239.24 W, 98 %
2026/03/21 02:55:04.154, 239.35 W, 98 %
2026/03/21 02:55:04.254, 239.54 W, 98 %
2026/03/21 02:55:04.354, 240.16 W, 98 %
2026/03/21 02:55:04.454, 239.37 W, 98 %
2026/03/21 02:55:04.554, 242.77 W, 98 %
2026/03/21 02:55:04.654, 243.13 W, 98 %
2026/03/21 02:55:04.755, 244.39 W, 98 %
2026/03/21 02:55:04.855, 245.09 W, 98 %
2026/03/21 02:55:04.955, 245.29 W, 98 %
2026/03/21 02:55:05.055, 244.30 W, 98 %
2026/03/21 02:55:05.155, 243.60 W, 98 %
2026/03/21 02:55:05.255, 243.49 W, 98 %
2026/03/21 02:55:05.355, 243.90 W, 98 %
2026/03/21 02:55:05.456, 241.79 W, 90 %
2026/03/21 02:55:05.556, 241.42 W, 90 %
2026/03/21 02:55:05.656, 240.14 W, 98 %
2026/03/21 02:55:05.756, 240.19 W, 98 %
2026/03/21 02:55:05.856, 238.75 W, 98 %
2026/03/21 02:55:05.956, 237.84 W, 98 %
2026/03/21 02:55:06.056, 238.97 W, 98 %
2026/03/21 02:55:06.157, 240.32 W, 98 %
2026/03/21 02:55:06.257, 240.20 W, 98 %
2026/03/21 02:55:06.357, 239.95 W, 98 %
2026/03/21 02:55:06.457, 242.38 W, 98 %
2026/03/21 02:55:06.557, 242.20 W, 98 %
2026/03/21 02:55:06.657, 242.49 W, 98 %
2026/03/21 02:55:06.758, 242.54 W, 98 %
2026/03/21 02:55:06.858, 242.21 W, 98 %
2026/03/21 02:55:06.958, 243.35 W, 98 %
2026/03/21 02:55:07.058, 243.69 W, 98 %
2026/03/21 02:55:07.158, 242.76 W, 98 %
2026/03/21 02:55:07.258, 242.63 W, 98 %
2026/03/21 02:55:07.358, 240.97 W, 98 %
2026/03/21 02:55:07.459, 238.72 W, 76 %
2026/03/21 02:55:07.559, 239.01 W, 76 %
2026/03/21 02:55:07.659, 239.11 W, 98 %
2026/03/21 02:55:07.759, 239.30 W, 98 %
2026/03/21 02:55:07.859, 238.46 W, 98 %
2026/03/21 02:55:07.959, 237.48 W, 98 %
2026/03/21 02:55:08.059, 236.03 W, 98 %
2026/03/21 02:55:08.160, 236.82 W, 98 %
2026/03/21 02:55:08.260, 238.19 W, 98 %
2026/03/21 02:55:08.360, 239.66 W, 98 %
2026/03/21 02:55:08.460, 243.74 W, 98 %
2026/03/21 02:55:08.560, 243.70 W, 98 %
2026/03/21 02:55:08.660, 243.86 W, 98 %
2026/03/21 02:55:08.761, 243.98 W, 98 %
2026/03/21 02:55:08.861, 244.79 W, 98 %
2026/03/21 02:55:08.961, 245.03 W, 98 %
2026/03/21 02:55:09.061, 245.81 W, 98 %
2026/03/21 02:55:09.161, 245.23 W, 98 %
2026/03/21 02:55:09.261, 243.35 W, 98 %
2026/03/21 02:55:09.361, 238.12 W, 98 %
2026/03/21 02:55:09.462, 237.62 W, 97 %
2026/03/21 02:55:09.562, 238.15 W, 97 %
2026/03/21 02:55:09.662, 237.96 W, 98 %
2026/03/21 02:55:09.762, 237.60 W, 98 %
2026/03/21 02:55:09.862, 237.63 W, 98 %
2026/03/21 02:55:09.962, 237.77 W, 98 %
2026/03/21 02:55:10.062, 237.74 W, 98 %
2026/03/21 02:55:10.163, 238.28 W, 98 %
2026/03/21 02:55:10.263, 239.59 W, 98 %
2026/03/21 02:55:10.363, 243.15 W, 98 %
2026/03/21 02:55:10.463, 243.42 W, 98 %
2026/03/21 02:55:10.563, 243.22 W, 98 %
2026/03/21 02:55:10.663, 243.69 W, 98 %
2026/03/21 02:55:10.764, 244.03 W, 98 %
2026/03/21 02:55:10.864, 245.62 W, 98 %
2026/03/21 02:55:10.964, 245.40 W, 98 %
2026/03/21 02:55:11.064, 245.35 W, 98 %
2026/03/21 02:55:11.164, 245.38 W, 98 %
2026/03/21 02:55:11.264, 240.86 W, 98 %
2026/03/21 02:55:11.364, 239.89 W, 98 %
2026/03/21 02:55:11.465, 239.95 W, 98 %
2026/03/21 02:55:11.565, 239.17 W, 98 %
2026/03/21 02:55:11.665, 238.88 W, 98 %
2026/03/21 02:55:11.765, 239.67 W, 98 %
2026/03/21 02:55:11.865, 238.44 W, 98 %
2026/03/21 02:55:11.965, 238.97 W, 98 %
2026/03/21 02:55:12.065, 237.93 W, 98 %
2026/03/21 02:55:12.166, 238.26 W, 98 %
2026/03/21 02:55:12.266, 242.22 W, 98 %
2026/03/21 02:55:12.366, 242.20 W, 98 %
2026/03/21 02:55:12.466, 242.67 W, 98 %
2026/03/21 02:55:12.566, 243.66 W, 98 %
2026/03/21 02:55:12.666, 243.09 W, 98 %
2026/03/21 02:55:12.766, 242.27 W, 98 %
2026/03/21 02:55:12.867, 242.54 W, 98 %
2026/03/21 02:55:12.967, 241.80 W, 98 %
2026/03/21 02:55:13.067, 241.62 W, 98 %
2026/03/21 02:55:13.167, 239.76 W, 98 %
2026/03/21 02:55:13.267, 236.20 W, 76 %
2026/03/21 02:55:13.367, 236.85 W, 76 %
2026/03/21 02:55:13.468, 236.91 W, 98 %
2026/03/21 02:55:13.568, 236.01 W, 98 %
2026/03/21 02:55:13.668, 236.39 W, 98 %
2026/03/21 02:55:13.768, 236.39 W, 98 %
2026/03/21 02:55:13.868, 236.75 W, 98 %
2026/03/21 02:55:13.968, 237.43 W, 98 %
2026/03/21 02:55:14.068, 238.57 W, 98 %
2026/03/21 02:55:14.169, 240.38 W, 98 %
2026/03/21 02:55:14.269, 243.95 W, 98 %
2026/03/21 02:55:14.369, 244.14 W, 98 %
2026/03/21 02:55:14.469, 243.60 W, 98 %
2026/03/21 02:55:14.569, 243.17 W, 98 %
2026/03/21 02:55:14.669, 243.93 W, 98 %
2026/03/21 02:55:14.769, 243.10 W, 98 %
2026/03/21 02:55:14.870, 243.44 W, 98 %
2026/03/21 02:55:14.970, 243.14 W, 98 %
2026/03/21 02:55:15.070, 242.69 W, 98 %
2026/03/21 02:55:15.170, 238.47 W, 98 %
2026/03/21 02:55:15.270, 238.09 W, 76 %
2026/03/21 02:55:15.370, 237.66 W, 76 %
2026/03/21 02:55:15.470, 239.22 W, 98 %
2026/03/21 02:55:15.571, 240.80 W, 98 %
2026/03/21 02:55:15.671, 240.55 W, 98 %
2026/03/21 02:55:15.771, 242.12 W, 98 %
2026/03/21 02:55:15.871, 242.59 W, 98 %
2026/03/21 02:55:15.971, 243.14 W, 98 %
2026/03/21 02:55:16.071, 243.36 W, 98 %
2026/03/21 02:55:16.172, 246.57 W, 98 %
2026/03/21 02:55:16.272, 247.80 W, 98 %
2026/03/21 02:55:16.372, 249.34 W, 98 %
2026/03/21 02:55:16.472, 247.54 W, 98 %
2026/03/21 02:55:16.572, 246.67 W, 98 %
2026/03/21 02:55:16.672, 246.02 W, 98 %
2026/03/21 02:55:16.772, 245.08 W, 98 %
2026/03/21 02:55:16.873, 245.07 W, 98 %
2026/03/21 02:55:16.973, 243.47 W, 98 %
2026/03/21 02:55:17.073, 243.07 W, 98 %
2026/03/21 02:55:17.173, 232.28 W, 98 %
2026/03/21 02:55:17.273, 230.56 W, 78 %
2026/03/21 02:55:17.373, 229.88 W, 78 %
2026/03/21 02:55:17.473, 229.87 W, 98 %
2026/03/21 02:55:17.574, 230.09 W, 98 %
2026/03/21 02:55:17.674, 230.57 W, 98 %
2026/03/21 02:55:17.774, 230.57 W, 98 %
2026/03/21 02:55:17.874, 229.67 W, 98 %
2026/03/21 02:55:17.974, 230.36 W, 98 %
2026/03/21 02:55:18.074, 229.59 W, 98 %
2026/03/21 02:55:18.175, 242.04 W, 98 %
2026/03/21 02:55:18.275, 242.79 W, 98 %
2026/03/21 02:55:18.375, 243.10 W, 98 %
2026/03/21 02:55:18.475, 243.22 W, 98 %
2026/03/21 02:55:18.575, 243.66 W, 98 %
2026/03/21 02:55:18.675, 244.27 W, 98 %
2026/03/21 02:55:18.775, 243.87 W, 98 %
2026/03/21 02:55:18.876, 243.31 W, 98 %
2026/03/21 02:55:18.976, 243.51 W, 98 %
2026/03/21 02:55:19.076, 242.39 W, 98 %
2026/03/21 02:55:19.176, 238.56 W, 98 %
2026/03/21 02:55:19.276, 239.16 W, 98 %
2026/03/21 02:55:19.376, 238.21 W, 98 %
2026/03/21 02:55:19.477, 238.54 W, 98 %
2026/03/21 02:55:19.577, 237.84 W, 98 %
2026/03/21 02:55:19.677, 238.16 W, 98 %
2026/03/21 02:55:19.777, 237.89 W, 98 %
2026/03/21 02:55:19.877, 238.17 W, 98 %
2026/03/21 02:55:19.977, 238.16 W, 98 %
2026/03/21 02:55:20.077, 239.09 W, 98 %
2026/03/21 02:55:20.178, 243.27 W, 98 %
2026/03/21 02:55:20.278, 242.39 W, 98 %
2026/03/21 02:55:20.378, 242.31 W, 98 %
2026/03/21 02:55:20.478, 242.67 W, 98 %
2026/03/21 02:55:20.578, 243.18 W, 98 %
2026/03/21 02:55:20.678, 243.08 W, 98 %
2026/03/21 02:55:20.778, 243.12 W, 98 %
2026/03/21 02:55:20.879, 242.80 W, 98 %
2026/03/21 02:55:20.979, 242.79 W, 98 %
2026/03/21 02:55:21.079, 238.69 W, 83 %
2026/03/21 02:55:21.179, 237.80 W, 83 %
2026/03/21 02:55:21.279, 237.55 W, 98 %
2026/03/21 02:55:21.379, 238.51 W, 98 %
2026/03/21 02:55:21.480, 239.67 W, 98 %
2026/03/21 02:55:21.580, 238.93 W, 98 %
2026/03/21 02:55:21.680, 238.94 W, 98 %
2026/03/21 02:55:21.780, 238.63 W, 98 %
2026/03/21 02:55:21.880, 239.71 W, 98 %
2026/03/21 02:55:21.980, 240.01 W, 98 %
2026/03/21 02:55:22.080, 243.30 W, 98 %
2026/03/21 02:55:22.181, 243.30 W, 98 %
2026/03/21 02:55:22.281, 243.34 W, 98 %
2026/03/21 02:55:22.381, 243.58 W, 98 %
2026/03/21 02:55:22.481, 242.40 W, 98 %
2026/03/21 02:55:22.581, 242.09 W, 98 %
2026/03/21 02:55:22.681, 242.47 W, 98 %
2026/03/21 02:55:22.781, 242.57 W, 98 %
2026/03/21 02:55:22.882, 241.84 W, 98 %
2026/03/21 02:55:22.982, 238.15 W, 98 %
2026/03/21 02:55:23.082, 238.55 W, 76 %
2026/03/21 02:55:23.182, 238.27 W, 76 %
2026/03/21 02:55:23.282, 238.29 W, 98 %
2026/03/21 02:55:23.382, 237.59 W, 98 %
2026/03/21 02:55:23.482, 237.14 W, 98 %
2026/03/21 02:55:23.583, 237.35 W, 98 %
2026/03/21 02:55:23.683, 236.60 W, 98 %
2026/03/21 02:55:23.783, 236.35 W, 98 %
2026/03/21 02:55:23.883, 235.79 W, 98 %
2026/03/21 02:55:23.983, 239.12 W, 98 %
2026/03/21 02:55:24.083, 240.46 W, 98 %
2026/03/21 02:55:24.183, 239.93 W, 98 %
2026/03/21 02:55:24.284, 239.29 W, 98 %
2026/03/21 02:55:24.384, 239.46 W, 98 %
2026/03/21 02:55:24.484, 239.51 W, 98 %
2026/03/21 02:55:24.584, 239.04 W, 98 %
2026/03/21 02:55:24.684, 239.60 W, 98 %
2026/03/21 02:55:24.784, 240.52 W, 98 %
2026/03/21 02:55:24.885, 240.76 W, 98 %
2026/03/21 02:55:24.985, 237.01 W, 98 %
2026/03/21 02:55:25.085, 236.92 W, 98 %
2026/03/21 02:55:25.185, 237.70 W, 98 %
2026/03/21 02:55:25.285, 238.72 W, 98 %
2026/03/21 02:55:25.385, 239.98 W, 98 %
2026/03/21 02:55:25.485, 240.45 W, 98 %
2026/03/21 02:55:25.586, 240.94 W, 98 %
2026/03/21 02:55:25.686, 241.06 W, 98 %
2026/03/21 02:55:25.786, 240.27 W, 98 %
2026/03/21 02:55:25.886, 240.58 W, 98 %
2026/03/21 02:55:25.986, 244.07 W, 98 %
2026/03/21 02:55:26.086, 244.25 W, 98 %
2026/03/21 02:55:26.186, 244.01 W, 98 %
2026/03/21 02:55:26.287, 244.66 W, 98 %
2026/03/21 02:55:26.387, 242.72 W, 98 %
2026/03/21 02:55:26.487, 242.24 W, 98 %
2026/03/21 02:55:26.587, 242.38 W, 98 %
2026/03/21 02:55:26.687, 241.60 W, 98 %
2026/03/21 02:55:26.787, 240.94 W, 98 %
2026/03/21 02:55:26.888, 236.63 W, 98 %
2026/03/21 02:55:26.988, 236.35 W, 98 %
2026/03/21 02:55:27.088, 236.08 W, 98 %
2026/03/21 02:55:27.188, 235.63 W, 98 %
2026/03/21 02:55:27.288, 235.91 W, 98 %
2026/03/21 02:55:27.388, 237.23 W, 98 %
2026/03/21 02:55:27.488, 237.82 W, 98 %
2026/03/21 02:55:27.589, 237.35 W, 98 %
2026/03/21 02:55:27.689, 237.59 W, 98 %
2026/03/21 02:55:27.789, 237.65 W, 98 %
2026/03/21 02:55:27.889, 242.28 W, 98 %
2026/03/21 02:55:27.989, 242.52 W, 98 %
2026/03/21 02:55:28.089, 242.54 W, 98 %
2026/03/21 02:55:28.189, 243.15 W, 98 %
2026/03/21 02:55:28.290, 242.28 W, 98 %
2026/03/21 02:55:28.390, 241.77 W, 98 %
2026/03/21 02:55:28.490, 242.20 W, 98 %
2026/03/21 02:55:28.590, 242.85 W, 98 %
2026/03/21 02:55:28.690, 242.38 W, 98 %
2026/03/21 02:55:28.790, 242.98 W, 98 %
2026/03/21 02:55:28.891, 239.39 W, 76 %
2026/03/21 02:55:28.991, 239.40 W, 76 %
2026/03/21 02:55:29.091, 238.87 W, 98 %
2026/03/21 02:55:29.191, 238.45 W, 98 %
2026/03/21 02:55:29.291, 238.65 W, 98 %
2026/03/21 02:55:29.391, 239.45 W, 98 %
2026/03/21 02:55:29.491, 238.49 W, 98 %
2026/03/21 02:55:29.592, 237.58 W, 98 %
2026/03/21 02:55:29.692, 238.00 W, 98 %
2026/03/21 02:55:29.792, 238.76 W, 98 %
2026/03/21 02:55:29.892, 241.47 W, 98 %
2026/03/21 02:55:29.992, 241.48 W, 98 %
2026/03/21 02:55:30.092, 242.41 W, 98 %
2026/03/21 02:55:30.193, 242.60 W, 98 %
2026/03/21 02:55:30.293, 242.23 W, 98 %
2026/03/21 02:55:30.393, 240.99 W, 98 %
2026/03/21 02:55:30.493, 242.70 W, 98 %
2026/03/21 02:55:30.593, 243.11 W, 98 %
2026/03/21 02:55:30.693, 243.78 W, 98 %
2026/03/21 02:55:30.793, 239.53 W, 98 %
2026/03/21 02:55:30.894, 239.19 W, 73 %
2026/03/21 02:55:30.994, 240.04 W, 73 %
2026/03/21 02:55:31.094, 240.56 W, 98 %
2026/03/21 02:55:31.194, 240.90 W, 98 %
2026/03/21 02:55:31.294, 240.62 W, 98 %
2026/03/21 02:55:31.394, 241.30 W, 98 %
2026/03/21 02:55:31.495, 240.42 W, 98 %
2026/03/21 02:55:31.595, 240.45 W, 98 %
2026/03/21 02:55:31.695, 239.85 W, 98 %
2026/03/21 02:55:31.795, 242.49 W, 98 %
2026/03/21 02:55:31.895, 244.17 W, 98 %
2026/03/21 02:55:31.995, 243.11 W, 98 %
2026/03/21 02:55:32.095, 243.56 W, 98 %
2026/03/21 02:55:32.196, 242.91 W, 98 %
2026/03/21 02:55:32.296, 243.80 W, 98 %
2026/03/21 02:55:32.396, 243.41 W, 98 %
2026/03/21 02:55:32.496, 244.63 W, 98 %
2026/03/21 02:55:32.596, 244.92 W, 98 %
2026/03/21 02:55:32.696, 243.40 W, 98 %
2026/03/21 02:55:32.796, 241.43 W, 98 %
2026/03/21 02:55:32.897, 241.01 W, 98 %
2026/03/21 02:55:32.997, 241.36 W, 98 %
2026/03/21 02:55:33.097, 239.79 W, 98 %
2026/03/21 02:55:33.197, 240.62 W, 98 %
2026/03/21 02:55:33.297, 241.01 W, 98 %
2026/03/21 02:55:33.397, 241.12 W, 98 %
2026/03/21 02:55:33.498, 239.09 W, 98 %
2026/03/21 02:55:33.598, 239.34 W, 98 %
2026/03/21 02:55:33.698, 240.92 W, 98 %
2026/03/21 02:55:33.798, 245.14 W, 98 %
2026/03/21 02:55:33.898, 244.83 W, 98 %
2026/03/21 02:55:33.998, 245.00 W, 98 %
2026/03/21 02:55:34.098, 245.83 W, 98 %
2026/03/21 02:55:34.199, 245.01 W, 98 %
2026/03/21 02:55:34.299, 244.18 W, 98 %
2026/03/21 02:55:34.399, 245.00 W, 98 %
2026/03/21 02:55:34.499, 246.11 W, 98 %
2026/03/21 02:55:34.599, 244.59 W, 98 %
2026/03/21 02:55:34.699, 239.43 W, 93 %
2026/03/21 02:55:34.799, 239.37 W, 93 %
2026/03/21 02:55:34.900, 239.92 W, 98 %
2026/03/21 02:55:35.000, 239.34 W, 98 %
2026/03/21 02:55:35.100, 239.15 W, 98 %
2026/03/21 02:55:35.200, 239.78 W, 98 %
2026/03/21 02:55:35.300, 240.12 W, 98 %
2026/03/21 02:55:35.400, 240.10 W, 98 %
2026/03/21 02:55:35.500, 239.34 W, 98 %
2026/03/21 02:55:35.601, 240.34 W, 98 %
2026/03/21 02:55:35.701, 244.37 W, 98 %
2026/03/21 02:55:35.801, 243.41 W, 98 %
2026/03/21 02:55:35.901, 243.87 W, 98 %
2026/03/21 02:55:36.001, 243.57 W, 98 %
2026/03/21 02:55:36.101, 244.32 W, 98 %
2026/03/21 02:55:36.202, 243.19 W, 98 %
2026/03/21 02:55:36.302, 243.17 W, 98 %
2026/03/21 02:55:36.402, 242.92 W, 98 %
2026/03/21 02:55:36.502, 243.41 W, 98 %
2026/03/21 02:55:36.602, 239.47 W, 98 %
2026/03/21 02:55:36.702, 239.33 W, 76 %
2026/03/21 02:55:36.802, 238.69 W, 76 %
2026/03/21 02:55:36.903, 238.55 W, 98 %
2026/03/21 02:55:37.003, 238.74 W, 98 %
2026/03/21 02:55:37.103, 238.62 W, 98 %
2026/03/21 02:55:37.203, 238.13 W, 98 %
2026/03/21 02:55:37.303, 238.38 W, 98 %
2026/03/21 02:55:37.403, 238.38 W, 98 %
2026/03/21 02:55:37.503, 238.13 W, 98 %
2026/03/21 02:55:37.604, 242.14 W, 98 %
2026/03/21 02:55:37.704, 241.81 W, 98 %
2026/03/21 02:55:37.804, 242.96 W, 98 %
2026/03/21 02:55:37.904, 242.00 W, 98 %
2026/03/21 02:55:38.004, 242.07 W, 98 %
2026/03/21 02:55:38.104, 241.75 W, 98 %
2026/03/21 02:55:38.205, 242.99 W, 98 %
2026/03/21 02:55:38.305, 242.46 W, 98 %
2026/03/21 02:55:38.405, 242.67 W, 98 %
2026/03/21 02:55:38.505, 242.32 W, 98 %
2026/03/21 02:55:38.605, 239.36 W, 98 %
2026/03/21 02:55:38.705, 240.15 W, 93 %
2026/03/21 02:55:38.805, 239.81 W, 93 %
2026/03/21 02:55:38.906, 240.52 W, 98 %
2026/03/21 02:55:39.006, 240.11 W, 98 %
2026/03/21 02:55:39.106, 239.85 W, 98 %
2026/03/21 02:55:39.206, 239.39 W, 98 %
2026/03/21 02:55:39.306, 239.80 W, 98 %
2026/03/21 02:55:39.406, 240.46 W, 98 %
2026/03/21 02:55:39.506, 239.96 W, 98 %
2026/03/21 02:55:39.607, 243.66 W, 98 %
2026/03/21 02:55:39.707, 243.88 W, 98 %
2026/03/21 02:55:39.807, 243.65 W, 98 %
2026/03/21 02:55:39.907, 243.99 W, 98 %
2026/03/21 02:55:40.007, 243.50 W, 98 %
2026/03/21 02:55:40.107, 243.58 W, 98 %
2026/03/21 02:55:40.208, 244.97 W, 98 %
2026/03/21 02:55:40.308, 244.44 W, 98 %
2026/03/21 02:55:40.408, 243.91 W, 98 %
2026/03/21 02:55:40.508, 240.47 W, 98 %
2026/03/21 02:55:40.608, 239.49 W, 98 %
2026/03/21 02:55:40.708, 238.92 W, 98 %
2026/03/21 02:55:40.808, 237.94 W, 98 %
2026/03/21 02:55:40.909, 238.43 W, 98 %
2026/03/21 02:55:41.009, 239.48 W, 98 %
2026/03/21 02:55:41.109, 240.31 W, 98 %
2026/03/21 02:55:41.209, 239.47 W, 98 %
2026/03/21 02:55:41.309, 238.70 W, 98 %
2026/03/21 02:55:41.409, 237.25 W, 98 %
2026/03/21 02:55:41.510, 240.94 W, 98 %
2026/03/21 02:55:41.610, 241.54 W, 98 %
2026/03/21 02:55:41.710, 242.07 W, 98 %
2026/03/21 02:55:41.810, 243.62 W, 98 %
2026/03/21 02:55:41.910, 242.83 W, 98 %
2026/03/21 02:55:42.010, 242.13 W, 98 %
2026/03/21 02:55:42.110, 240.85 W, 98 %
2026/03/21 02:55:42.211, 242.18 W, 98 %
2026/03/21 02:55:42.311, 242.12 W, 98 %
2026/03/21 02:55:42.411, 240.95 W, 98 %
2026/03/21 02:55:42.511, 240.24 W, 98 %
2026/03/21 02:55:42.611, 240.60 W, 98 %
2026/03/21 02:55:42.711, 239.98 W, 98 %
2026/03/21 02:55:42.811, 240.05 W, 98 %
2026/03/21 02:55:42.912, 239.82 W, 98 %
2026/03/21 02:55:43.012, 240.47 W, 98 %
2026/03/21 02:55:43.112, 241.07 W, 98 %
2026/03/21 02:55:43.212, 239.76 W, 98 %
2026/03/21 02:55:43.312, 241.21 W, 98 %
2026/03/21 02:55:43.412, 243.96 W, 98 %
2026/03/21 02:55:43.512, 244.52 W, 98 %
2026/03/21 02:55:43.613, 244.92 W, 98 %
2026/03/21 02:55:43.713, 244.69 W, 98 %
2026/03/21 02:55:43.813, 243.63 W, 98 %
2026/03/21 02:55:43.913, 243.64 W, 98 %
2026/03/21 02:55:44.013, 243.26 W, 98 %
2026/03/21 02:55:44.113, 242.58 W, 98 %
2026/03/21 02:55:44.213, 242.59 W, 98 %
2026/03/21 02:55:44.314, 241.20 W, 98 %
2026/03/21 02:55:44.414, 236.99 W, 98 %
2026/03/21 02:55:44.514, 237.18 W, 98 %
2026/03/21 02:55:44.614, 237.74 W, 98 %
2026/03/21 02:55:44.714, 237.84 W, 98 %
2026/03/21 02:55:44.814, 237.65 W, 98 %
2026/03/21 02:55:44.915, 238.14 W, 98 %
2026/03/21 02:55:45.015, 238.26 W, 98 %
2026/03/21 02:55:45.115, 238.99 W, 98 %
2026/03/21 02:55:45.215, 238.34 W, 98 %
2026/03/21 02:55:45.315, 238.95 W, 98 %
2026/03/21 02:55:45.415, 242.66 W, 98 %
2026/03/21 02:55:45.515, 242.03 W, 98 %
2026/03/21 02:55:45.616, 241.58 W, 98 %
2026/03/21 02:55:45.716, 241.95 W, 98 %
2026/03/21 02:55:45.816, 241.83 W, 98 %
2026/03/21 02:55:45.916, 242.10 W, 98 %
2026/03/21 02:55:46.016, 241.06 W, 98 %
2026/03/21 02:55:46.116, 241.36 W, 98 %
2026/03/21 02:55:46.216, 242.16 W, 98 %
2026/03/21 02:55:46.317, 237.94 W, 75 %
2026/03/21 02:55:46.417, 237.11 W, 75 %
2026/03/21 02:55:46.517, 237.33 W, 98 %
2026/03/21 02:55:46.617, 236.24 W, 98 %
2026/03/21 02:55:46.717, 236.23 W, 98 %
2026/03/21 02:55:46.817, 237.28 W, 98 %
2026/03/21 02:55:46.917, 238.18 W, 98 %
2026/03/21 02:55:47.018, 238.98 W, 98 %
2026/03/21 02:55:47.118, 239.08 W, 98 %
2026/03/21 02:55:47.218, 238.66 W, 98 %
2026/03/21 02:55:47.318, 241.08 W, 98 %
2026/03/21 02:55:47.418, 244.26 W, 98 %
2026/03/21 02:55:47.518, 244.62 W, 98 %
2026/03/21 02:55:47.619, 244.73 W, 98 %
2026/03/21 02:55:47.719, 243.72 W, 98 %
2026/03/21 02:55:47.819, 242.91 W, 98 %
2026/03/21 02:55:47.919, 242.24 W, 98 %
2026/03/21 02:55:48.019, 241.77 W, 98 %
2026/03/21 02:55:48.119, 241.90 W, 98 %
2026/03/21 02:55:48.219, 242.85 W, 98 %
2026/03/21 02:55:48.320, 238.58 W, 80 %
2026/03/21 02:55:48.420, 238.50 W, 80 %
2026/03/21 02:55:48.520, 239.33 W, 98 %
2026/03/21 02:55:48.620, 239.21 W, 98 %
2026/03/21 02:55:48.720, 239.69 W, 98 %
2026/03/21 02:55:48.820, 239.97 W, 98 %
2026/03/21 02:55:48.921, 240.13 W, 98 %
2026/03/21 02:55:49.021, 240.26 W, 98 %
2026/03/21 02:55:49.121, 240.20 W, 98 %
2026/03/21 02:55:49.221, 239.98 W, 98 %
2026/03/21 02:55:49.321, 243.54 W, 98 %
2026/03/21 02:55:49.421, 243.17 W, 98 %
2026/03/21 02:55:49.521, 242.27 W, 98 %
2026/03/21 02:55:49.622, 242.55 W, 98 %
2026/03/21 02:55:49.722, 241.97 W, 98 %
2026/03/21 02:55:49.822, 241.38 W, 98 %
2026/03/21 02:55:49.922, 241.31 W, 98 %
2026/03/21 02:55:50.022, 240.72 W, 98 %
2026/03/21 02:55:50.122, 240.60 W, 98 %
2026/03/21 02:55:50.222, 235.93 W, 98 %
2026/03/21 02:55:50.323, 236.72 W, 98 %
2026/03/21 02:55:50.423, 237.05 W, 98 %
2026/03/21 02:55:50.523, 237.92 W, 98 %
2026/03/21 02:55:50.623, 238.08 W, 98 %
2026/03/21 02:55:50.723, 239.95 W, 98 %
2026/03/21 02:55:50.823, 240.42 W, 98 %
2026/03/21 02:55:50.924, 240.43 W, 98 %
2026/03/21 02:55:51.024, 241.17 W, 98 %
2026/03/21 02:55:51.124, 240.18 W, 98 %
2026/03/21 02:55:51.224, 244.59 W, 98 %
2026/03/21 02:55:51.324, 245.03 W, 98 %
2026/03/21 02:55:51.424, 244.92 W, 98 %
2026/03/21 02:55:51.524, 244.44 W, 98 %
2026/03/21 02:55:51.625, 243.77 W, 98 %
2026/03/21 02:55:51.725, 242.63 W, 98 %
2026/03/21 02:55:51.825, 242.45 W, 98 %
2026/03/21 02:55:51.925, 242.19 W, 98 %
2026/03/21 02:55:52.025, 242.51 W, 98 %
2026/03/21 02:55:52.125, 241.11 W, 86 %
2026/03/21 02:55:52.225, 239.75 W, 86 %
2026/03/21 02:55:52.326, 238.49 W, 98 %
2026/03/21 02:55:52.426, 238.33 W, 98 %
2026/03/21 02:55:52.526, 237.53 W, 98 %
2026/03/21 02:55:52.626, 237.85 W, 98 %
2026/03/21 02:55:52.726, 237.98 W, 98 %
2026/03/21 02:55:52.826, 238.07 W, 98 %
2026/03/21 02:55:52.926, 239.20 W, 98 %
2026/03/21 02:55:53.027, 238.06 W, 98 %
2026/03/21 02:55:53.127, 237.48 W, 98 %
2026/03/21 02:55:53.227, 241.21 W, 98 %
2026/03/21 02:55:53.327, 242.04 W, 98 %
2026/03/21 02:55:53.427, 243.37 W, 98 %
2026/03/21 02:55:53.527, 242.71 W, 98 %
2026/03/21 02:55:53.628, 242.67 W, 98 %
2026/03/21 02:55:53.728, 243.84 W, 98 %
2026/03/21 02:55:53.828, 243.90 W, 98 %
2026/03/21 02:55:53.928, 243.54 W, 98 %
2026/03/21 02:55:54.028, 244.00 W, 98 %
2026/03/21 02:55:54.128, 239.92 W, 73 %
2026/03/21 02:55:54.228, 239.14 W, 73 %
2026/03/21 02:55:54.329, 239.40 W, 98 %
2026/03/21 02:55:54.429, 238.41 W, 98 %
2026/03/21 02:55:54.529, 239.19 W, 98 %
2026/03/21 02:55:54.629, 239.52 W, 98 %
2026/03/21 02:55:54.729, 238.61 W, 98 %
2026/03/21 02:55:54.829, 238.02 W, 98 %
2026/03/21 02:55:54.929, 237.23 W, 98 %
2026/03/21 02:55:55.030, 237.66 W, 98 %
2026/03/21 02:55:55.130, 242.04 W, 98 %
2026/03/21 02:55:55.230, 242.59 W, 98 %
2026/03/21 02:55:55.330, 242.98 W, 98 %
2026/03/21 02:55:55.430, 243.69 W, 98 %
2026/03/21 02:55:55.530, 244.38 W, 98 %
2026/03/21 02:55:55.630, 244.50 W, 98 %
2026/03/21 02:55:55.731, 244.55 W, 98 %
2026/03/21 02:55:55.831, 244.50 W, 98 %
2026/03/21 02:55:55.931, 245.00 W, 98 %
2026/03/21 02:55:56.031, 240.91 W, 98 %
2026/03/21 02:55:56.131, 233.19 W, 44 %
2026/03/21 02:55:56.231, 233.31 W, 44 %
2026/03/21 02:55:56.331, 232.72 W, 98 %
2026/03/21 02:55:56.432, 231.52 W, 98 %
2026/03/21 02:55:56.532, 231.79 W, 98 %
2026/03/21 02:55:56.632, 231.71 W, 98 %
2026/03/21 02:55:56.732, 230.99 W, 98 %
2026/03/21 02:55:56.832, 231.53 W, 98 %
2026/03/21 02:55:56.932, 231.04 W, 98 %
2026/03/21 02:55:57.032, 232.21 W, 98 %
2026/03/21 02:55:57.133, 242.73 W, 98 %
2026/03/21 02:55:57.233, 242.70 W, 98 %
2026/03/21 02:55:57.333, 244.14 W, 98 %
2026/03/21 02:55:57.433, 243.96 W, 98 %
2026/03/21 02:55:57.533, 244.16 W, 98 %
2026/03/21 02:55:57.633, 244.38 W, 98 %
2026/03/21 02:55:57.734, 244.68 W, 98 %
2026/03/21 02:55:57.834, 244.79 W, 98 %
2026/03/21 02:55:57.934, 245.15 W, 98 %
2026/03/21 02:55:58.034, 240.75 W, 98 %
2026/03/21 02:55:58.134, 240.07 W, 93 %
2026/03/21 02:55:58.234, 240.77 W, 93 %
2026/03/21 02:55:58.334, 240.34 W, 98 %
2026/03/21 02:55:58.435, 240.51 W, 98 %
2026/03/21 02:55:58.535, 240.94 W, 98 %
2026/03/21 02:55:58.635, 241.19 W, 98 %
2026/03/21 02:55:58.735, 240.37 W, 98 %
2026/03/21 02:55:58.835, 240.12 W, 98 %
2026/03/21 02:55:58.935, 239.94 W, 98 %
2026/03/21 02:55:59.036, 241.84 W, 98 %
2026/03/21 02:55:59.136, 245.27 W, 98 %
2026/03/21 02:55:59.236, 243.79 W, 98 %
2026/03/21 02:55:59.336, 243.06 W, 98 %
2026/03/21 02:55:59.436, 243.59 W, 98 %
2026/03/21 02:55:59.536, 242.36 W, 98 %
2026/03/21 02:55:59.636, 241.51 W, 98 %
2026/03/21 02:55:59.737, 242.20 W, 98 %
2026/03/21 02:55:59.837, 242.08 W, 98 %
2026/03/21 02:55:59.937, 241.57 W, 98 %
2026/03/21 02:56:00.037, 237.38 W, 98 %
2026/03/21 02:56:00.137, 236.77 W, 98 %
2026/03/21 02:56:00.237, 237.92 W, 98 %
2026/03/21 02:56:00.338, 238.05 W, 98 %
2026/03/21 02:56:00.438, 236.92 W, 98 %
2026/03/21 02:56:00.538, 237.51 W, 98 %
2026/03/21 02:56:00.638, 237.69 W, 98 %
2026/03/21 02:56:00.738, 237.65 W, 98 %
2026/03/21 02:56:00.838, 237.40 W, 98 %
2026/03/21 02:56:00.938, 238.88 W, 98 %
2026/03/21 02:56:01.039, 243.07 W, 98 %
2026/03/21 02:56:01.139, 243.40 W, 98 %
2026/03/21 02:56:01.239, 242.43 W, 98 %
2026/03/21 02:56:01.339, 243.00 W, 98 %
2026/03/21 02:56:01.439, 244.35 W, 98 %
2026/03/21 02:56:01.539, 244.30 W, 98 %
2026/03/21 02:56:01.639, 244.61 W, 98 %
2026/03/21 02:56:01.740, 244.90 W, 98 %
2026/03/21 02:56:01.840, 245.18 W, 98 %
2026/03/21 02:56:01.940, 240.79 W, 74 %
2026/03/21 02:56:02.040, 239.84 W, 74 %
2026/03/21 02:56:02.140, 239.88 W, 98 %
2026/03/21 02:56:02.240, 240.07 W, 98 %
2026/03/21 02:56:02.341, 240.11 W, 98 %
2026/03/21 02:56:02.441, 239.18 W, 98 %
2026/03/21 02:56:02.541, 239.67 W, 98 %
2026/03/21 02:56:02.641, 238.98 W, 98 %
2026/03/21 02:56:02.741, 239.21 W, 98 %
2026/03/21 02:56:02.841, 239.07 W, 98 %
2026/03/21 02:56:02.941, 243.55 W, 98 %
2026/03/21 02:56:03.042, 244.12 W, 98 %
2026/03/21 02:56:03.142, 244.04 W, 98 %
2026/03/21 02:56:03.242, 243.92 W, 98 %
2026/03/21 02:56:03.342, 243.69 W, 98 %
2026/03/21 02:56:03.442, 243.04 W, 98 %
2026/03/21 02:56:03.542, 243.05 W, 98 %
2026/03/21 02:56:03.642, 243.74 W, 98 %
2026/03/21 02:56:03.743, 243.30 W, 98 %
2026/03/21 02:56:03.843, 243.97 W, 98 %
2026/03/21 02:56:03.943, 240.92 W, 76 %
2026/03/21 02:56:04.043, 240.78 W, 76 %
2026/03/21 02:56:04.143, 240.55 W, 98 %
2026/03/21 02:56:04.243, 240.25 W, 98 %
2026/03/21 02:56:04.343, 239.81 W, 98 %
2026/03/21 02:56:04.444, 240.22 W, 98 %
2026/03/21 02:56:04.544, 239.53 W, 98 %
2026/03/21 02:56:04.644, 239.79 W, 98 %
2026/03/21 02:56:04.744, 240.11 W, 98 %
2026/03/21 02:56:04.844, 239.87 W, 98 %
2026/03/21 02:56:04.944, 242.13 W, 98 %
2026/03/21 02:56:05.045, 241.16 W, 98 %
2026/03/21 02:56:05.145, 240.78 W, 98 %
2026/03/21 02:56:05.245, 241.38 W, 98 %
2026/03/21 02:56:05.345, 241.76 W, 98 %
2026/03/21 02:56:05.445, 242.04 W, 98 %
2026/03/21 02:56:05.545, 242.63 W, 98 %
2026/03/21 02:56:05.645, 241.97 W, 98 %
2026/03/21 02:56:05.746, 240.99 W, 98 %
2026/03/21 02:56:05.846, 236.95 W, 98 %
2026/03/21 02:56:05.946, 237.46 W, 98 %
2026/03/21 02:56:06.046, 238.26 W, 98 %
2026/03/21 02:56:06.146, 238.25 W, 98 %
2026/03/21 02:56:06.246, 238.28 W, 98 %
2026/03/21 02:56:06.346, 238.20 W, 98 %
2026/03/21 02:56:06.447, 237.38 W, 98 %
2026/03/21 02:56:06.547, 237.36 W, 98 %
2026/03/21 02:56:06.647, 238.18 W, 98 %
2026/03/21 02:56:06.747, 238.78 W, 98 %
2026/03/21 02:56:06.847, 241.39 W, 98 %
2026/03/21 02:56:06.947, 242.91 W, 98 %
2026/03/21 02:56:07.048, 242.76 W, 98 %
2026/03/21 02:56:07.148, 242.60 W, 98 %
2026/03/21 02:56:07.248, 243.80 W, 98 %
2026/03/21 02:56:07.348, 243.82 W, 98 %
2026/03/21 02:56:07.448, 243.61 W, 98 %
2026/03/21 02:56:07.548, 243.17 W, 98 %
2026/03/21 02:56:07.648, 242.16 W, 98 %
2026/03/21 02:56:07.749, 239.64 W, 98 %
2026/03/21 02:56:07.849, 238.44 W, 98 %
2026/03/21 02:56:07.949, 237.76 W, 98 %
2026/03/21 02:56:08.049, 238.71 W, 98 %
2026/03/21 02:56:08.149, 238.73 W, 98 %
2026/03/21 02:56:08.249, 237.30 W, 98 %
2026/03/21 02:56:08.349, 237.33 W, 98 %
2026/03/21 02:56:08.450, 237.86 W, 98 %
2026/03/21 02:56:08.550, 239.09 W, 98 %
2026/03/21 02:56:08.650, 239.91 W, 98 %
2026/03/21 02:56:08.750, 242.07 W, 98 %
2026/03/21 02:56:08.850, 243.36 W, 98 %
2026/03/21 02:56:08.950, 244.32 W, 98 %
2026/03/21 02:56:09.051, 243.33 W, 98 %
2026/03/21 02:56:09.151, 243.90 W, 98 %
2026/03/21 02:56:09.251, 244.66 W, 98 %
2026/03/21 02:56:09.351, 245.66 W, 98 %
2026/03/21 02:56:09.451, 245.40 W, 98 %
2026/03/21 02:56:09.551, 244.68 W, 98 %
2026/03/21 02:56:09.651, 244.34 W, 98 %
2026/03/21 02:56:09.752, 240.92 W, 76 %
2026/03/21 02:56:09.852, 241.39 W, 76 %
2026/03/21 02:56:09.952, 241.28 W, 98 %
2026/03/21 02:56:10.052, 241.59 W, 98 %
2026/03/21 02:56:10.152, 241.99 W, 98 %
2026/03/21 02:56:10.252, 241.54 W, 98 %
2026/03/21 02:56:10.353, 240.57 W, 98 %
2026/03/21 02:56:10.453, 239.60 W, 98 %
2026/03/21 02:56:10.553, 238.80 W, 98 %
2026/03/21 02:56:10.653, 238.87 W, 98 %
2026/03/21 02:56:10.753, 242.52 W, 98 %
2026/03/21 02:56:10.853, 243.43 W, 98 %
2026/03/21 02:56:10.953, 242.00 W, 98 %
2026/03/21 02:56:11.054, 242.44 W, 98 %
2026/03/21 02:56:11.154, 241.41 W, 98 %
2026/03/21 02:56:11.254, 241.39 W, 98 %
2026/03/21 02:56:11.354, 241.58 W, 98 %
2026/03/21 02:56:11.454, 242.39 W, 98 %
2026/03/21 02:56:11.554, 242.20 W, 98 %
2026/03/21 02:56:11.654, 238.28 W, 98 %
2026/03/21 02:56:11.755, 238.12 W, 79 %
2026/03/21 02:56:11.855, 236.05 W, 79 %
2026/03/21 02:56:11.955, 237.05 W, 98 %
2026/03/21 02:56:12.055, 236.13 W, 98 %
2026/03/21 02:56:12.155, 236.68 W, 98 %
2026/03/21 02:56:12.255, 237.30 W, 98 %
2026/03/21 02:56:12.355, 237.41 W, 98 %
2026/03/21 02:56:12.456, 237.08 W, 98 %
2026/03/21 02:56:12.556, 237.06 W, 98 %
2026/03/21 02:56:12.656, 240.70 W, 98 %
2026/03/21 02:56:12.756, 241.03 W, 98 %
2026/03/21 02:56:12.856, 241.73 W, 98 %
2026/03/21 02:56:12.956, 241.56 W, 98 %
2026/03/21 02:56:13.057, 241.65 W, 98 %
2026/03/21 02:56:13.157, 242.07 W, 98 %
2026/03/21 02:56:13.257, 241.30 W, 98 %
2026/03/21 02:56:13.357, 242.16 W, 98 %
2026/03/21 02:56:13.457, 241.60 W, 98 %
2026/03/21 02:56:13.557, 242.51 W, 98 %
2026/03/21 02:56:13.657, 238.62 W, 98 %
2026/03/21 02:56:13.758, 239.42 W, 98 %
2026/03/21 02:56:13.858, 239.27 W, 98 %
2026/03/21 02:56:13.958, 239.37 W, 98 %
2026/03/21 02:56:14.058, 239.56 W, 98 %
2026/03/21 02:56:14.158, 238.97 W, 98 %
2026/03/21 02:56:14.258, 239.21 W, 98 %
2026/03/21 02:56:14.358, 239.04 W, 98 %
2026/03/21 02:56:14.459, 239.00 W, 98 %
2026/03/21 02:56:14.559, 238.92 W, 98 %
2026/03/21 02:56:14.659, 244.06 W, 98 %
2026/03/21 02:56:14.759, 242.70 W, 98 %
2026/03/21 02:56:14.859, 243.55 W, 98 %
2026/03/21 02:56:14.959, 243.00 W, 98 %
2026/03/21 02:56:15.059, 242.57 W, 98 %
2026/03/21 02:56:15.160, 244.19 W, 98 %
2026/03/21 02:56:15.260, 243.87 W, 98 %
2026/03/21 02:56:15.360, 244.26 W, 98 %
2026/03/21 02:56:15.460, 244.48 W, 98 %
2026/03/21 02:56:15.560, 241.12 W, 79 %
2026/03/21 02:56:15.660, 239.80 W, 79 %
2026/03/21 02:56:15.761, 241.04 W, 98 %
2026/03/21 02:56:15.861, 241.38 W, 98 %
2026/03/21 02:56:15.961, 242.05 W, 98 %
2026/03/21 02:56:16.061, 241.86 W, 98 %
2026/03/21 02:56:16.161, 241.17 W, 98 %
2026/03/21 02:56:16.261, 240.72 W, 98 %
2026/03/21 02:56:16.361, 240.22 W, 98 %
2026/03/21 02:56:16.462, 241.12 W, 98 %
2026/03/21 02:56:16.562, 245.09 W, 98 %
2026/03/21 02:56:16.662, 245.18 W, 98 %
2026/03/21 02:56:16.762, 244.62 W, 98 %
2026/03/21 02:56:16.862, 244.20 W, 98 %
2026/03/21 02:56:16.962, 242.74 W, 98 %
2026/03/21 02:56:17.062, 243.21 W, 98 %
2026/03/21 02:56:17.163, 243.51 W, 98 %
2026/03/21 02:56:17.263, 243.35 W, 98 %
2026/03/21 02:56:17.363, 243.42 W, 98 %
2026/03/21 02:56:17.463, 241.39 W, 98 %
2026/03/21 02:56:17.563, 237.84 W, 76 %
2026/03/21 02:56:17.663, 238.18 W, 76 %
2026/03/21 02:56:17.764, 237.96 W, 98 %
2026/03/21 02:56:17.864, 237.90 W, 98 %
2026/03/21 02:56:17.964, 238.19 W, 98 %
2026/03/21 02:56:18.064, 237.94 W, 98 %
2026/03/21 02:56:18.164, 236.34 W, 98 %
2026/03/21 02:56:18.264, 235.76 W, 98 %
2026/03/21 02:56:18.364, 235.32 W, 98 %
2026/03/21 02:56:18.465, 236.92 W, 98 %
2026/03/21 02:56:18.565, 239.65 W, 98 %
2026/03/21 02:56:18.665, 239.20 W, 98 %
2026/03/21 02:56:18.765, 239.97 W, 98 %
2026/03/21 02:56:18.865, 239.11 W, 98 %
2026/03/21 02:56:18.965, 239.58 W, 98 %
2026/03/21 02:56:19.065, 240.50 W, 98 %
2026/03/21 02:56:19.166, 241.64 W, 98 %
2026/03/21 02:56:19.266, 243.23 W, 98 %
2026/03/21 02:56:19.366, 243.62 W, 98 %
2026/03/21 02:56:19.466, 238.49 W, 98 %
2026/03/21 02:56:19.566, 238.96 W, 98 %
2026/03/21 02:56:19.666, 238.62 W, 98 %
2026/03/21 02:56:19.767, 237.94 W, 98 %
2026/03/21 02:56:19.867, 238.44 W, 98 %
2026/03/21 02:56:19.967, 238.06 W, 98 %
2026/03/21 02:56:20.067, 237.75 W, 98 %
2026/03/21 02:56:20.167, 238.89 W, 98 %
2026/03/21 02:56:20.267, 237.08 W, 98 %
2026/03/21 02:56:20.367, 237.40 W, 98 %
2026/03/21 02:56:20.468, 242.09 W, 98 %
2026/03/21 02:56:20.568, 241.96 W, 98 %
2026/03/21 02:56:20.668, 242.72 W, 98 %
2026/03/21 02:56:20.768, 242.28 W, 98 %
2026/03/21 02:56:20.868, 242.48 W, 98 %
2026/03/21 02:56:20.968, 242.21 W, 98 %
2026/03/21 02:56:21.068, 242.19 W, 98 %
2026/03/21 02:56:21.169, 241.48 W, 98 %
2026/03/21 02:56:21.269, 242.27 W, 98 %
2026/03/21 02:56:21.369, 237.99 W, 98 %
2026/03/21 02:56:21.469, 236.92 W, 98 %
2026/03/21 02:56:21.569, 237.18 W, 98 %
2026/03/21 02:56:21.669, 236.21 W, 98 %
2026/03/21 02:56:21.770, 236.74 W, 98 %
2026/03/21 02:56:21.870, 237.52 W, 98 %
2026/03/21 02:56:21.970, 237.73 W, 98 %
2026/03/21 02:56:22.070, 237.61 W, 98 %
2026/03/21 02:56:22.170, 237.07 W, 98 %
2026/03/21 02:56:22.270, 236.48 W, 98 %
2026/03/21 02:56:22.370, 241.70 W, 98 %
2026/03/21 02:56:22.471, 242.33 W, 98 %
2026/03/21 02:56:22.571, 241.52 W, 98 %
2026/03/21 02:56:22.671, 241.67 W, 98 %
2026/03/21 02:56:22.771, 242.18 W, 98 %
2026/03/21 02:56:22.871, 241.48 W, 98 %
2026/03/21 02:56:22.971, 241.99 W, 98 %
2026/03/21 02:56:23.071, 241.94 W, 98 %
2026/03/21 02:56:23.172, 242.38 W, 98 %
2026/03/21 02:56:23.272, 241.99 W, 98 %
2026/03/21 02:56:23.372, 237.32 W, 73 %
2026/03/21 02:56:23.472, 236.32 W, 73 %
2026/03/21 02:56:23.572, 237.07 W, 98 %
2026/03/21 02:56:23.672, 237.29 W, 98 %
2026/03/21 02:56:23.773, 237.88 W, 98 %
2026/03/21 02:56:23.873, 236.89 W, 98 %
2026/03/21 02:56:23.973, 236.81 W, 98 %
2026/03/21 02:56:24.073, 236.93 W, 98 %
2026/03/21 02:56:24.173, 236.43 W, 98 %
2026/03/21 02:56:24.273, 238.24 W, 98 %
2026/03/21 02:56:24.373, 241.79 W, 98 %
2026/03/21 02:56:24.474, 241.78 W, 98 %
2026/03/21 02:56:24.574, 240.98 W, 98 %
2026/03/21 02:56:24.674, 241.11 W, 98 %
2026/03/21 02:56:24.774, 239.57 W, 98 %
2026/03/21 02:56:24.874, 240.88 W, 98 %
2026/03/21 02:56:24.974, 240.81 W, 98 %
2026/03/21 02:56:25.074, 240.63 W, 98 %
2026/03/21 02:56:25.175, 241.03 W, 98 %
2026/03/21 02:56:25.275, 237.65 W, 98 %
2026/03/21 02:56:25.375, 238.21 W, 83 %
2026/03/21 02:56:25.475, 238.53 W, 83 %
2026/03/21 02:56:25.575, 239.77 W, 98 %
2026/03/21 02:56:25.675, 241.27 W, 98 %
2026/03/21 02:56:25.775, 242.39 W, 98 %
2026/03/21 02:56:25.876, 242.38 W, 98 %
2026/03/21 02:56:25.976, 242.76 W, 98 %
2026/03/21 02:56:26.076, 242.76 W, 98 %
2026/03/21 02:56:26.176, 243.10 W, 98 %
2026/03/21 02:56:26.276, 245.87 W, 98 %
2026/03/21 02:56:26.376, 245.41 W, 98 %
2026/03/21 02:56:26.477, 245.62 W, 98 %
2026/03/21 02:56:26.577, 245.37 W, 98 %
2026/03/21 02:56:26.677, 244.62 W, 98 %
2026/03/21 02:56:26.777, 243.41 W, 98 %
2026/03/21 02:56:26.877, 243.73 W, 98 %
2026/03/21 02:56:26.977, 242.63 W, 98 %
2026/03/21 02:56:27.077, 242.68 W, 98 %
2026/03/21 02:56:27.178, 241.02 W, 98 %
2026/03/21 02:56:27.278, 239.08 W, 98 %
2026/03/21 02:56:27.378, 238.74 W, 98 %
2026/03/21 02:56:27.478, 238.35 W, 98 %
2026/03/21 02:56:27.578, 238.38 W, 98 %
2026/03/21 02:56:27.678, 237.85 W, 98 %
2026/03/21 02:56:27.778, 238.86 W, 98 %
2026/03/21 02:56:27.879, 237.62 W, 98 %
2026/03/21 02:56:27.979, 237.89 W, 98 %
2026/03/21 02:56:28.079, 238.99 W, 98 %
2026/03/21 02:56:28.179, 238.74 W, 98 %
2026/03/21 02:56:28.279, 242.63 W, 98 %
2026/03/21 02:56:28.379, 244.39 W, 98 %
2026/03/21 02:56:28.480, 244.03 W, 98 %
2026/03/21 02:56:28.580, 244.81 W, 98 %
2026/03/21 02:56:28.680, 244.67 W, 98 %
2026/03/21 02:56:28.780, 243.33 W, 98 %
2026/03/21 02:56:28.880, 244.94 W, 98 %
2026/03/21 02:56:28.980, 244.05 W, 98 %
2026/03/21 02:56:29.080, 243.14 W, 98 %
2026/03/21 02:56:29.181, 238.71 W, 76 %
2026/03/21 02:56:29.281, 238.82 W, 76 %
2026/03/21 02:56:29.381, 238.72 W, 98 %
2026/03/21 02:56:29.481, 238.09 W, 98 %
2026/03/21 02:56:29.581, 237.82 W, 98 %
2026/03/21 02:56:29.681, 237.87 W, 98 %
2026/03/21 02:56:29.782, 238.46 W, 98 %
2026/03/21 02:56:29.882, 238.74 W, 98 %
2026/03/21 02:56:29.982, 239.05 W, 98 %
2026/03/21 02:56:30.082, 240.26 W, 98 %
2026/03/21 02:56:30.182, 243.90 W, 98 %
2026/03/21 02:56:30.282, 245.15 W, 98 %
2026/03/21 02:56:30.382, 245.40 W, 98 %
2026/03/21 02:56:30.483, 245.48 W, 98 %
2026/03/21 02:56:30.583, 245.48 W, 98 %
2026/03/21 02:56:30.683, 245.70 W, 98 %
2026/03/21 02:56:30.783, 245.16 W, 98 %
2026/03/21 02:56:30.883, 244.74 W, 98 %
2026/03/21 02:56:30.983, 244.52 W, 98 %
2026/03/21 02:56:31.084, 241.96 W, 98 %
2026/03/21 02:56:31.184, 242.36 W, 76 %
2026/03/21 02:56:31.284, 242.11 W, 76 %
2026/03/21 02:56:31.384, 241.37 W, 98 %
2026/03/21 02:56:31.484, 241.60 W, 98 %
2026/03/21 02:56:31.584, 240.56 W, 98 %
2026/03/21 02:56:31.684, 240.12 W, 98 %
2026/03/21 02:56:31.785, 240.03 W, 98 %
2026/03/21 02:56:31.885, 239.70 W, 98 %
2026/03/21 02:56:31.985, 240.87 W, 98 %
2026/03/21 02:56:32.085, 243.22 W, 98 %
2026/03/21 02:56:32.185, 243.30 W, 98 %
2026/03/21 02:56:32.285, 242.74 W, 98 %
2026/03/21 02:56:32.385, 242.83 W, 98 %
2026/03/21 02:56:32.486, 242.13 W, 98 %
2026/03/21 02:56:32.586, 243.00 W, 98 %
2026/03/21 02:56:32.686, 242.55 W, 98 %
2026/03/21 02:56:32.786, 242.89 W, 98 %
2026/03/21 02:56:32.886, 242.35 W, 98 %
2026/03/21 02:56:32.986, 242.08 W, 98 %
2026/03/21 02:56:33.086, 238.02 W, 98 %
2026/03/21 02:56:33.187, 237.46 W, 98 %
2026/03/21 02:56:33.287, 237.44 W, 98 %
2026/03/21 02:56:33.387, 237.00 W, 98 %
2026/03/21 02:56:33.487, 236.81 W, 98 %
2026/03/21 02:56:33.587, 237.76 W, 98 %
2026/03/21 02:56:33.687, 237.46 W, 98 %
2026/03/21 02:56:33.787, 237.90 W, 98 %
2026/03/21 02:56:33.888, 237.90 W, 98 %
2026/03/21 02:56:33.988, 237.86 W, 98 %
2026/03/21 02:56:34.088, 241.94 W, 98 %
2026/03/21 02:56:34.188, 242.38 W, 98 %
2026/03/21 02:56:34.288, 242.64 W, 98 %
2026/03/21 02:56:34.388, 241.73 W, 98 %
2026/03/21 02:56:34.488, 242.99 W, 98 %
2026/03/21 02:56:34.589, 242.75 W, 98 %
2026/03/21 02:56:34.689, 243.65 W, 98 %
2026/03/21 02:56:34.789, 243.46 W, 98 %
2026/03/21 02:56:34.889, 243.61 W, 98 %
2026/03/21 02:56:34.989, 236.32 W, 93 %
2026/03/21 02:56:35.089, 220.33 W, 93 %
